Country,Year,Value
Afghanistan,1993,9.12
Albania,1993,76.1
Algeria,1993,74.3
Angola,1993,25.3
Antigua and Barbuda,1993,82.2
Argentina,1993,117.0
Armenia,1993,62.9
Australia,1993,126.0
Austria,1993,116.0
Azerbaijan,1993,30.8
Bahamas,1993,112.0
Bangladesh,1993,20.8
Barbados,1993,126.0
Belarus,1993,97.0
Belgium,1993,0.0
Belize,1993,117.0
Benin,1993,15.2
Bolivia,1993,77.5
Bosnia and Herzegovina,1993,25.6
Botswana,1993,68.5
Brazil,1993,138.0
Brunei,1993,115.0
Bulgaria,1993,87.3
Burkina Faso,1993,10.9
Cambodia,1993,4.22
Cameroon,1993,18.8
Canada,1993,125.0
Cape Verde,1993,50.5
Central African Republic,1993,16.7
Chad,1993,16.9
Chile,1993,118.0
China,1993,14.0
Colombia,1993,179.0
Democratic Republic of the Congo,1993,17.9
Costa Rica,1993,166.0
Cote d'Ivoire,1993,28.8
Croatia,1993,113.0
Cuba,1993,160.0
Cyprus,1993,104.0
Czechia,1993,112.0
Denmark,1993,141.0
Djibouti,1993,79.2
Dominica,1993,132.0
Dominican Republic,1993,109.0
Ecuador,1993,73.0
Egypt,1993,80.0
El Salvador,1993,102.0
Estonia,1993,58.2
Eswatini,1993,105.0
Ethiopia,1993,10.1
Fiji,1993,73.6
Finland,1993,120.0
France,1993,101.0
Gabon,1993,46.7
Gambia,1993,103.0
Georgia,1993,33.6
Germany,1993,117.0
Ghana,1993,22.4
Greece,1993,84.4
Grenada,1993,118.0
Guatemala,1993,120.0
Guinea,1993,27.5
Guinea-Bissau,1993,5.1
Guyana,1993,86.2
Haiti,1993,45.3
Honduras,1993,106.0
Hungary,1993,110.0
Iceland,1993,156.0
India,1993,51.9
Indonesia,1993,38.3
Iran,1993,76.6
Iraq,1993,47.1
Ireland,1993,135.0
Israel,1993,117.0
Italy,1993,83.7
Jamaica,1993,145.0
Japan,1993,87.2
Jordan,1993,111.0
Kazakhstan,1993,55.1
Kenya,1993,48.5
Kiribati,1993,98.7
Kuwait,1993,85.1
Kyrgyzstan,1993,43.1
Lao,1993,7.72
Latvia,1993,122.0
Lebanon,1993,123.0
Lesotho,1993,46.0
Liberia,1993,15.3
Lithuania,1993,80.9
Luxembourg,1993,0.0
Madagascar,1993,24.0
Malawi,1993,36.5
Malaysia,1993,112.0
Maldives,1993,127.0
Mali,1993,22.9
Malta,1993,133.0
Mauritania,1993,79.1
Mauritius,1993,105.0
Mexico,1993,135.0
Moldova,1993,65.5
Mongolia,1993,34.9
Montenegro,1993,0.0
Morocco,1993,96.9
Mozambique,1993,13.8
Myanmar,1993,19.9
Namibia,1993,94.5
Nepal,1993,12.9
Netherlands,1993,150.0
New Zealand,1993,135.0
Nicaragua,1993,78.9
Niger,1993,9.61
Nigeria,1993,18.1
North Korea,1993,13.1
North Macedonia,1993,65.4
Norway,1993,120.0
Oman,1993,67.2
Pakistan,1993,75.9
Panama,1993,92.1
Paraguay,1993,66.3
Peru,1993,58.1
Philippines,1993,76.4
Poland,1993,124.0
Portugal,1993,86.1
Romania,1993,71.2
Russia,1993,96.9
Rwanda,1993,5.35
Samoa,1993,68.0
Sao Tome and Principe,1993,42.0
Saudi Arabia,1993,76.0
Senegal,1993,37.2
Serbia,1993,0.0
Sierra Leone,1993,14.5
Slovak Republic,1993,94.3
Slovenia,1993,54.9
Solomon Islands,1993,24.1
South Africa,1993,93.5
South Korea,1993,87.3
Spain,1993,77.8
Sri Lanka,1993,52.0
St. Kitts and Nevis,1993,113.0
St. Lucia,1993,101.0
St. Vincent and the Grenadines,1993,122.0
Sudan,1993,39.6
Suriname,1993,99.2
Sweden,1993,126.0
Switzerland,1993,137.0
Tajikistan,1993,29.8
Tanzania,1993,16.8
Thailand,1993,62.4
Timor-Leste,1993,8.85
Togo,1993,5.47
Trinidad and Tobago,1993,136.0
Tunisia,1993,82.3
Turkey,1993,89.0
Turkmenistan,1993,45.8
Uganda,1993,10.8
Ukraine,1993,124.0
United Arab Emirates,1993,101.0
United Kingdom,1993,99.2
United States,1993,181.0
Uruguay,1993,92.8
Uzbekistan,1993,36.5
Vanuatu,1993,25.3
Venezuela,1993,105.0
Vietnam,1993,16.6
Yemen,1993,56.4
Zambia,1993,44.5
Zimbabwe,1993,56.4
Afghanistan,1994,8.22
Albania,1994,97.5
Algeria,1994,71.2
Angola,1994,20.8
Antigua and Barbuda,1994,86.7
Argentina,1994,125.0
Armenia,1994,60.3
Australia,1994,122.0
Austria,1994,135.0
Azerbaijan,1994,32.8
Bahamas,1994,109.0
Bangladesh,1994,20.0
Barbados,1994,138.0
Belarus,1994,80.4
Belgium,1994,0.0
Belize,1994,125.0
Benin,1994,22.9
Bolivia,1994,76.7
Bosnia and Herzegovina,1994,29.0
Botswana,1994,66.3
Brazil,1994,142.0
Brunei,1994,116.0
Bulgaria,1994,82.3
Burkina Faso,1994,9.52
Cambodia,1994,5.54
Cameroon,1994,17.5
Canada,1994,127.0
Cape Verde,1994,51.8
Central African Republic,1994,20.4
Chad,1994,15.7
Chile,1994,119.0
China,1994,15.7
Colombia,1994,178.0
Democratic Republic of the Congo,1994,20.4
Costa Rica,1994,164.0
Cote d'Ivoire,1994,28.4
Croatia,1994,128.0
Cuba,1994,151.0
Cyprus,1994,106.0
Czechia,1994,108.0
Denmark,1994,142.0
Djibouti,1994,79.8
Dominica,1994,134.0
Dominican Republic,1994,110.0
Ecuador,1994,73.8
Egypt,1994,78.5
El Salvador,1994,92.7
Estonia,1994,78.5
Eswatini,1994,104.0
Ethiopia,1994,8.69
Fiji,1994,71.7
Finland,1994,110.0
France,1994,101.0
Gabon,1994,43.4
Gambia,1994,102.0
Georgia,1994,28.1
Germany,1994,111.0
Ghana,1994,17.0
Greece,1994,86.6
Grenada,1994,116.0
Guatemala,1994,125.0
Guinea,1994,27.0
Guinea-Bissau,1994,10.1
Guyana,1994,85.4
Haiti,1994,43.6
Honduras,1994,106.0
Hungary,1994,108.0
Iceland,1994,163.0
India,1994,57.3
Indonesia,1994,42.3
Iran,1994,78.0
Iraq,1994,47.5
Ireland,1994,135.0
Israel,1994,120.0
Italy,1994,82.5
Jamaica,1994,144.0
Japan,1994,86.4
Jordan,1994,108.0
Kazakhstan,1994,58.2
Kenya,1994,50.2
Kiribati,1994,97.8
Kuwait,1994,102.0
Kyrgyzstan,1994,47.3
Lao,1994,9.92
Latvia,1994,121.0
Lebanon,1994,132.0
Lesotho,1994,45.1
Liberia,1994,14.6
Lithuania,1994,69.7
Luxembourg,1994,0.0
Madagascar,1994,24.1
Malawi,1994,41.4
Malaysia,1994,120.0
Maldives,1994,130.0
Mali,1994,34.7
Malta,1994,135.0
Mauritania,1994,66.6
Mauritius,1994,105.0
Mexico,1994,132.0
Moldova,1994,74.0
Mongolia,1994,32.6
Montenegro,1994,0.0
Morocco,1994,96.9
Mozambique,1994,16.0
Myanmar,1994,19.2
Namibia,1994,96.4
Nepal,1994,7.09
Netherlands,1994,138.0
New Zealand,1994,144.0
Nicaragua,1994,91.4
Niger,1994,7.75
Nigeria,1994,14.0
North Korea,1994,9.64
North Macedonia,1994,94.4
Norway,1994,121.0
Oman,1994,66.8
Pakistan,1994,76.9
Panama,1994,97.9
Paraguay,1994,69.1
Peru,1994,49.6
Philippines,1994,79.0
Poland,1994,118.0
Portugal,1994,86.6
Romania,1994,73.2
Russia,1994,96.2
Rwanda,1994,4.89
Samoa,1994,64.8
Sao Tome and Principe,1994,44.4
Saudi Arabia,1994,74.5
Senegal,1994,47.9
Serbia,1994,0.0
Sierra Leone,1994,14.1
Slovak Republic,1994,97.6
Slovenia,1994,46.9
Solomon Islands,1994,26.4
South Africa,1994,93.0
South Korea,1994,84.2
Spain,1994,80.0
Sri Lanka,1994,70.4
St. Kitts and Nevis,1994,117.0
St. Lucia,1994,102.0
St. Vincent and the Grenadines,1994,119.0
Sudan,1994,39.1
Suriname,1994,104.0
Sweden,1994,134.0
Switzerland,1994,124.0
Tajikistan,1994,32.5
Tanzania,1994,15.4
Thailand,1994,66.8
Timor-Leste,1994,10.4
Togo,1994,4.42
Trinidad and Tobago,1994,147.0
Tunisia,1994,80.5
Turkey,1994,84.8
Turkmenistan,1994,42.2
Uganda,1994,15.4
Ukraine,1994,106.0
United Arab Emirates,1994,96.7
United Kingdom,1994,108.0
United States,1994,183.0
Uruguay,1994,90.5
Uzbekistan,1994,27.7
Vanuatu,1994,30.5
Venezuela,1994,108.0
Vietnam,1994,21.4
Yemen,1994,56.2
Zambia,1994,40.6
Zimbabwe,1994,56.6
Afghanistan,1995,8.45
Albania,1995,54.4
Algeria,1995,70.6
Angola,1995,23.5
Antigua and Barbuda,1995,89.3
Argentina,1995,129.0
Armenia,1995,61.6
Australia,1995,132.0
Austria,1995,131.0
Azerbaijan,1995,35.0
Bahamas,1995,128.0
Bangladesh,1995,19.4
Barbados,1995,137.0
Belarus,1995,105.0
Belgium,1995,0.0
Belize,1995,126.0
Benin,1995,21.8
Bolivia,1995,76.3
Bosnia and Herzegovina,1995,28.9
Botswana,1995,62.8
Brazil,1995,144.0
Brunei,1995,114.0
Bulgaria,1995,83.1
Burkina Faso,1995,9.03
Cambodia,1995,5.37
Cameroon,1995,18.3
Canada,1995,130.0
Cape Verde,1995,53.6
Central African Republic,1995,21.4
Chad,1995,18.5
Chile,1995,122.0
China,1995,18.1
Colombia,1995,178.0
Democratic Republic of the Congo,1995,22.4
Costa Rica,1995,162.0
Cote d'Ivoire,1995,27.2
Croatia,1995,131.0
Cuba,1995,160.0
Cyprus,1995,117.0
Czechia,1995,127.0
Denmark,1995,138.0
Djibouti,1995,81.1
Dominica,1995,125.0
Dominican Republic,1995,109.0
Ecuador,1995,70.3
Egypt,1995,79.5
El Salvador,1995,97.8
Estonia,1995,67.7
Eswatini,1995,95.0
Ethiopia,1995,9.33
Fiji,1995,70.9
Finland,1995,110.0
France,1995,102.0
Gabon,1995,44.4
Gambia,1995,105.0
Georgia,1995,40.4
Germany,1995,121.0
Ghana,1995,22.4
Greece,1995,85.9
Grenada,1995,111.0
Guatemala,1995,123.0
Guinea,1995,28.8
Guinea-Bissau,1995,6.24
Guyana,1995,105.0
Haiti,1995,56.0
Honduras,1995,108.0
Hungary,1995,117.0
Iceland,1995,166.0
India,1995,57.9
Indonesia,1995,42.9
Iran,1995,73.6
Iraq,1995,38.7
Ireland,1995,126.0
Israel,1995,124.0
Italy,1995,83.2
Jamaica,1995,109.0
Japan,1995,84.3
Jordan,1995,93.8
Kazakhstan,1995,57.7
Kenya,1995,50.0
Kiribati,1995,98.1
Kuwait,1995,112.0
Kyrgyzstan,1995,41.2
Lao,1995,10.9
Latvia,1995,79.5
Lebanon,1995,128.0
Lesotho,1995,44.4
Liberia,1995,15.2
Lithuania,1995,75.8
Luxembourg,1995,0.0
Madagascar,1995,23.8
Malawi,1995,44.8
Malaysia,1995,137.0
Maldives,1995,117.0
Mali,1995,27.2
Malta,1995,141.0
Mauritania,1995,87.6
Mauritius,1995,114.0
Mexico,1995,130.0
Moldova,1995,68.0
Mongolia,1995,27.2
Montenegro,1995,0.0
Morocco,1995,94.9
Mozambique,1995,15.4
Myanmar,1995,19.1
Namibia,1995,93.6
Nepal,1995,9.73
Netherlands,1995,133.0
New Zealand,1995,127.0
Nicaragua,1995,93.1
Niger,1995,16.5
Nigeria,1995,22.1
North Korea,1995,6.42
North Macedonia,1995,97.8
Norway,1995,121.0
Oman,1995,65.8
Pakistan,1995,82.6
Panama,1995,77.2
Paraguay,1995,69.6
Peru,1995,40.0
Philippines,1995,76.6
Poland,1995,113.0
Portugal,1995,79.6
Romania,1995,70.3
Russia,1995,99.3
Rwanda,1995,4.61
Samoa,1995,61.3
Sao Tome and Principe,1995,42.6
Saudi Arabia,1995,77.0
Senegal,1995,49.3
Serbia,1995,0.0
Sierra Leone,1995,12.2
Slovak Republic,1995,117.0
Slovenia,1995,53.4
Solomon Islands,1995,17.6
South Africa,1995,90.9
South Korea,1995,86.4
Spain,1995,80.4
Sri Lanka,1995,51.6
St. Kitts and Nevis,1995,136.0
St. Lucia,1995,105.0
St. Vincent and the Grenadines,1995,115.0
Sudan,1995,38.1
Suriname,1995,109.0
Sweden,1995,117.0
Switzerland,1995,133.0
Tajikistan,1995,36.2
Tanzania,1995,17.1
Thailand,1995,74.8
Timor-Leste,1995,10.3
Togo,1995,7.57
Trinidad and Tobago,1995,161.0
Tunisia,1995,79.4
Turkey,1995,83.7
Turkmenistan,1995,40.8
Uganda,1995,18.4
Ukraine,1995,102.0
United Arab Emirates,1995,104.0
United Kingdom,1995,104.0
United States,1995,183.0
Uruguay,1995,90.6
Uzbekistan,1995,30.3
Vanuatu,1995,34.3
Venezuela,1995,109.0
Vietnam,1995,23.7
Yemen,1995,55.1
Zambia,1995,41.0
Zimbabwe,1995,61.6
Afghanistan,1996,7.24
Albania,1996,63.0
Algeria,1996,71.9
Angola,1996,26.1
Antigua and Barbuda,1996,88.1
Argentina,1996,124.0
Armenia,1996,61.6
Australia,1996,124.0
Austria,1996,131.0
Azerbaijan,1996,38.2
Bahamas,1996,136.0
Bangladesh,1996,18.9
Barbados,1996,157.0
Belarus,1996,107.0
Belgium,1996,0.0
Belize,1996,121.0
Benin,1996,14.5
Bolivia,1996,75.6
Bosnia and Herzegovina,1996,33.1
Botswana,1996,60.9
Brazil,1996,141.0
Brunei,1996,103.0
Bulgaria,1996,77.5
Burkina Faso,1996,14.1
Cambodia,1996,10.6
Cameroon,1996,19.2
Canada,1996,136.0
Cape Verde,1996,52.1
Central African Republic,1996,17.0
Chad,1996,24.1
Chile,1996,124.0
China,1996,20.3
Colombia,1996,170.0
Democratic Republic of the Congo,1996,21.4
Costa Rica,1996,159.0
Cote d'Ivoire,1996,24.3
Croatia,1996,126.0
Cuba,1996,167.0
Cyprus,1996,98.3
Czechia,1996,141.0
Denmark,1996,132.0
Djibouti,1996,75.9
Dominica,1996,118.0
Dominican Republic,1996,108.0
Ecuador,1996,57.7
Egypt,1996,79.9
El Salvador,1996,106.0
Estonia,1996,92.5
Eswatini,1996,98.2
Ethiopia,1996,10.5
Fiji,1996,68.4
Finland,1996,104.0
France,1996,106.0
Gabon,1996,46.7
Gambia,1996,98.4
Georgia,1996,72.9
Germany,1996,110.0
Ghana,1996,13.4
Greece,1996,83.6
Grenada,1996,113.0
Guatemala,1996,114.0
Guinea,1996,29.3
Guinea-Bissau,1996,14.3
Guyana,1996,104.0
Haiti,1996,51.7
Honduras,1996,110.0
Hungary,1996,125.0
Iceland,1996,159.0
India,1996,56.9
Indonesia,1996,43.0
Iran,1996,72.8
Iraq,1996,33.4
Ireland,1996,110.0
Israel,1996,137.0
Italy,1996,84.3
Jamaica,1996,140.0
Japan,1996,84.4
Jordan,1996,95.8
Kazakhstan,1996,52.9
Kenya,1996,44.8
Kiribati,1996,99.2
Kuwait,1996,113.0
Kyrgyzstan,1996,43.9
Lao,1996,10.1
Latvia,1996,115.0
Lebanon,1996,130.0
Lesotho,1996,42.8
Liberia,1996,11.3
Lithuania,1996,70.1
Luxembourg,1996,0.0
Madagascar,1996,23.8
Malawi,1996,42.2
Malaysia,1996,149.0
Maldives,1996,106.0
Mali,1996,39.9
Malta,1996,142.0
Mauritania,1996,80.1
Mauritius,1996,110.0
Mexico,1996,131.0
Moldova,1996,72.4
Mongolia,1996,28.0
Montenegro,1996,0.0
Morocco,1996,91.4
Mozambique,1996,15.0
Myanmar,1996,23.9
Namibia,1996,82.1
Nepal,1996,10.8
Netherlands,1996,128.0
New Zealand,1996,137.0
Nicaragua,1996,98.7
Niger,1996,16.5
Nigeria,1996,17.0
North Korea,1996,5.95
North Macedonia,1996,102.0
Norway,1996,120.0
Oman,1996,72.7
Pakistan,1996,83.6
Panama,1996,79.1
Paraguay,1996,68.6
Peru,1996,43.2
Philippines,1996,85.8
Poland,1996,118.0
Portugal,1996,86.7
Romania,1996,73.9
Russia,1996,103.0
Rwanda,1996,5.14
Samoa,1996,65.7
Sao Tome and Principe,1996,45.5
Saudi Arabia,1996,78.7
Senegal,1996,48.5
Serbia,1996,0.0
Sierra Leone,1996,10.4
Slovak Republic,1996,117.0
Slovenia,1996,52.5
Solomon Islands,1996,23.3
South Africa,1996,90.2
South Korea,1996,87.6
Spain,1996,80.5
Sri Lanka,1996,66.2
St. Kitts and Nevis,1996,138.0
St. Lucia,1996,103.0
St. Vincent and the Grenadines,1996,113.0
Sudan,1996,37.0
Suriname,1996,133.0
Sweden,1996,123.0
Switzerland,1996,144.0
Tajikistan,1996,39.3
Tanzania,1996,22.3
Thailand,1996,77.2
Timor-Leste,1996,10.5
Togo,1996,11.8
Trinidad and Tobago,1996,169.0
Tunisia,1996,83.2
Turkey,1996,86.7
Turkmenistan,1996,46.8
Uganda,1996,17.2
Ukraine,1996,105.0
United Arab Emirates,1996,104.0
United Kingdom,1996,108.0
United States,1996,186.0
Uruguay,1996,91.4
Uzbekistan,1996,42.2
Vanuatu,1996,43.0
Venezuela,1996,110.0
Vietnam,1996,23.4
Yemen,1996,63.2
Zambia,1996,35.1
Zimbabwe,1996,64.7
Afghanistan,1997,7.85
Albania,1997,61.7
Algeria,1997,76.3
Angola,1997,31.7
Antigua and Barbuda,1997,85.9
Argentina,1997,122.0
Armenia,1997,60.5
Australia,1997,134.0
Austria,1997,128.0
Azerbaijan,1997,41.4
Bahamas,1997,122.0
Bangladesh,1997,22.6
Barbados,1997,160.0
Belarus,1997,115.0
Belgium,1997,0.0
Belize,1997,121.0
Benin,1997,13.0
Bolivia,1997,75.0
Bosnia and Herzegovina,1997,42.2
Botswana,1997,66.0
Brazil,1997,138.0
Brunei,1997,100.0
Bulgaria,1997,79.4
Burkina Faso,1997,15.0
Cambodia,1997,14.4
Cameroon,1997,24.9
Canada,1997,141.0
Cape Verde,1997,54.3
Central African Republic,1997,24.1
Chad,1997,18.2
Chile,1997,126.0
China,1997,22.8
Colombia,1997,172.0
Democratic Republic of the Congo,1997,17.0
Costa Rica,1997,157.0
Cote d'Ivoire,1997,23.9
Croatia,1997,113.0
Cuba,1997,183.0
Cyprus,1997,95.2
Czechia,1997,130.0
Denmark,1997,146.0
Djibouti,1997,75.0
Dominica,1997,122.0
Dominican Republic,1997,105.0
Ecuador,1997,56.0
Egypt,1997,83.4
El Salvador,1997,115.0
Estonia,1997,103.0
Eswatini,1997,81.5
Ethiopia,1997,11.1
Fiji,1997,70.3
Finland,1997,105.0
France,1997,107.0
Gabon,1997,47.0
Gambia,1997,98.2
Georgia,1997,80.9
Germany,1997,115.0
Ghana,1997,6.07
Greece,1997,74.3
Grenada,1997,104.0
Guatemala,1997,113.0
Guinea,1997,30.5
Guinea-Bissau,1997,16.8
Guyana,1997,101.0
Haiti,1997,50.9
Honduras,1997,110.0
Hungary,1997,125.0
Iceland,1997,166.0
India,1997,62.3
Indonesia,1997,45.1
Iran,1997,72.8
Iraq,1997,41.5
Ireland,1997,110.0
Israel,1997,140.0
Italy,1997,88.1
Jamaica,1997,130.0
Japan,1997,82.9
Jordan,1997,107.0
Kazakhstan,1997,54.2
Kenya,1997,41.4
Kiribati,1997,108.0
Kuwait,1997,117.0
Kyrgyzstan,1997,49.9
Lao,1997,9.93
Latvia,1997,101.0
Lebanon,1997,134.0
Lesotho,1997,42.7
Liberia,1997,13.4
Lithuania,1997,93.8
Luxembourg,1997,0.0
Madagascar,1997,22.6
Malawi,1997,42.8
Malaysia,1997,133.0
Maldives,1997,103.0
Mali,1997,28.6
Malta,1997,142.0
Mauritania,1997,81.5
Mauritius,1997,107.0
Mexico,1997,123.0
Moldova,1997,68.1
Mongolia,1997,31.3
Montenegro,1997,0.0
Morocco,1997,98.2
Mozambique,1997,15.4
Myanmar,1997,28.6
Namibia,1997,73.3
Nepal,1997,13.6
Netherlands,1997,129.0
New Zealand,1997,144.0
Nicaragua,1997,95.5
Niger,1997,18.5
Nigeria,1997,19.7
North Korea,1997,5.89
North Macedonia,1997,101.0
Norway,1997,126.0
Oman,1997,73.1
Pakistan,1997,79.4
Panama,1997,82.9
Paraguay,1997,66.9
Peru,1997,42.4
Philippines,1997,77.9
Poland,1997,119.0
Portugal,1997,85.7
Romania,1997,58.9
Russia,1997,104.0
Rwanda,1997,9.94
Samoa,1997,60.0
Sao Tome and Principe,1997,39.0
Saudi Arabia,1997,79.9
Senegal,1997,52.6
Serbia,1997,0.0
Sierra Leone,1997,9.5
Slovak Republic,1997,118.0
Slovenia,1997,58.2
Solomon Islands,1997,23.3
South Africa,1997,90.2
South Korea,1997,92.6
Spain,1997,80.8
Sri Lanka,1997,77.8
St. Kitts and Nevis,1997,131.0
St. Lucia,1997,104.0
St. Vincent and the Grenadines,1997,119.0
Sudan,1997,32.0
Suriname,1997,131.0
Sweden,1997,120.0
Switzerland,1997,141.0
Tajikistan,1997,40.6
Tanzania,1997,20.1
Thailand,1997,79.1
Timor-Leste,1997,10.7
Togo,1997,9.01
Trinidad and Tobago,1997,180.0
Tunisia,1997,82.5
Turkey,1997,92.9
Turkmenistan,1997,43.5
Uganda,1997,19.6
Ukraine,1997,99.3
United Arab Emirates,1997,98.6
United Kingdom,1997,108.0
United States,1997,193.0
Uruguay,1997,97.3
Uzbekistan,1997,39.5
Vanuatu,1997,41.9
Venezuela,1997,105.0
Vietnam,1997,25.0
Yemen,1997,65.7
Zambia,1997,40.4
Zimbabwe,1997,73.5
Afghanistan,1998,8.34
Albania,1998,57.0
Algeria,1998,52.4
Angola,1998,29.1
Antigua and Barbuda,1998,89.4
Argentina,1998,120.0
Armenia,1998,69.7
Australia,1998,132.0
Austria,1998,127.0
Azerbaijan,1998,40.8
Bahamas,1998,123.0
Bangladesh,1998,20.7
Barbados,1998,146.0
Belarus,1998,123.0
Belgium,1998,0.0
Belize,1998,121.0
Benin,1998,13.0
Bolivia,1998,73.8
Bosnia and Herzegovina,1998,39.5
Botswana,1998,66.0
Brazil,1998,136.0
Brunei,1998,79.8
Bulgaria,1998,77.1
Burkina Faso,1998,13.4
Cambodia,1998,16.7
Cameroon,1998,20.6
Canada,1998,142.0
Cape Verde,1998,53.3
Central African Republic,1998,24.4
Chad,1998,22.2
Chile,1998,128.0
China,1998,22.3
Colombia,1998,173.0
Democratic Republic of the Congo,1998,23.4
Costa Rica,1998,158.0
Cote d'Ivoire,1998,25.4
Croatia,1998,114.0
Cuba,1998,177.0
Cyprus,1998,95.2
Czechia,1998,128.0
Denmark,1998,139.0
Djibouti,1998,76.2
Dominica,1998,122.0
Dominican Republic,1998,97.9
Ecuador,1998,57.0
Egypt,1998,79.3
El Salvador,1998,118.0
Estonia,1998,101.0
Eswatini,1998,96.4
Ethiopia,1998,11.0
Fiji,1998,71.9
Finland,1998,101.0
France,1998,110.0
Gabon,1998,50.1
Gambia,1998,95.2
Georgia,1998,75.3
Germany,1998,112.0
Ghana,1998,12.0
Greece,1998,87.1
Grenada,1998,100.0
Guatemala,1998,114.0
Guinea,1998,30.8
Guinea-Bissau,1998,9.93
Guyana,1998,95.5
Haiti,1998,53.4
Honduras,1998,112.0
Hungary,1998,131.0
Iceland,1998,160.0
India,1998,62.9
Indonesia,1998,45.1
Iran,1998,72.7
Iraq,1998,42.4
Ireland,1998,106.0
Israel,1998,142.0
Italy,1998,89.1
Jamaica,1998,137.0
Japan,1998,83.9
Jordan,1998,104.0
Kazakhstan,1998,55.8
Kenya,1998,49.3
Kiribati,1998,113.0
Kuwait,1998,117.0
Kyrgyzstan,1998,78.6
Lao,1998,11.1
Latvia,1998,97.0
Lebanon,1998,139.0
Lesotho,1998,42.4
Liberia,1998,16.3
Lithuania,1998,105.0
Luxembourg,1998,0.0
Madagascar,1998,23.6
Malawi,1998,37.3
Malaysia,1998,129.0
Maldives,1998,91.8
Mali,1998,38.6
Malta,1998,140.0
Mauritania,1998,87.5
Mauritius,1998,105.0
Mexico,1998,127.0
Moldova,1998,67.1
Mongolia,1998,30.2
Montenegro,1998,0.0
Morocco,1998,99.5
Mozambique,1998,15.8
Myanmar,1998,27.6
Namibia,1998,67.5
Nepal,1998,12.2
Netherlands,1998,128.0
New Zealand,1998,145.0
Nicaragua,1998,100.0
Niger,1998,18.9
Nigeria,1998,22.0
North Korea,1998,4.71
North Macedonia,1998,106.0
Norway,1998,125.0
Oman,1998,69.3
Pakistan,1998,71.0
Panama,1998,87.9
Paraguay,1998,66.8
Peru,1998,51.0
Philippines,1998,75.2
Poland,1998,120.0
Portugal,1998,86.6
Romania,1998,61.3
Russia,1998,108.0
Rwanda,1998,9.65
Samoa,1998,65.3
Sao Tome and Principe,1998,36.7
Saudi Arabia,1998,79.4
Senegal,1998,41.9
Serbia,1998,0.0
Sierra Leone,1998,14.7
Slovak Republic,1998,111.0
Slovenia,1998,58.6
Solomon Islands,1998,22.4
South Africa,1998,90.4
South Korea,1998,80.7
Spain,1998,81.5
Sri Lanka,1998,85.7
St. Kitts and Nevis,1998,129.0
St. Lucia,1998,105.0
St. Vincent and the Grenadines,1998,119.0
Sudan,1998,36.6
Suriname,1998,134.0
Sweden,1998,126.0
Switzerland,1998,133.0
Tajikistan,1998,35.6
Tanzania,1998,18.8
Thailand,1998,83.3
Timor-Leste,1998,10.5
Togo,1998,11.0
Trinidad and Tobago,1998,167.0
Tunisia,1998,82.8
Turkey,1998,92.2
Turkmenistan,1998,44.5
Uganda,1998,19.2
Ukraine,1998,102.0
United Arab Emirates,1998,96.9
United Kingdom,1998,103.0
United States,1998,194.0
Uruguay,1998,105.0
Uzbekistan,1998,54.1
Vanuatu,1998,41.1
Venezuela,1998,103.0
Vietnam,1998,25.3
Yemen,1998,65.5
Zambia,1998,31.4
Zimbabwe,1998,73.6
Afghanistan,1999,8.9
Albania,1999,56.5
Algeria,1999,58.9
Angola,1999,34.9
Antigua and Barbuda,1999,87.5
Argentina,1999,131.0
Armenia,1999,68.1
Australia,1999,120.0
Austria,1999,127.0
Azerbaijan,1999,33.8
Bahamas,1999,123.0
Bangladesh,1999,18.6
Barbados,1999,150.0
Belarus,1999,102.0
Belgium,1999,0.0
Belize,1999,123.0
Benin,1999,16.1
Bolivia,1999,73.8
Bosnia and Herzegovina,1999,39.0
Botswana,1999,66.3
Brazil,1999,107.0
Brunei,1999,87.5
Bulgaria,1999,81.2
Burkina Faso,1999,14.1
Cambodia,1999,18.7
Cameroon,1999,19.3
Canada,1999,134.0
Cape Verde,1999,59.7
Central African Republic,1999,20.9
Chad,1999,17.2
Chile,1999,131.0
China,1999,17.1
Colombia,1999,179.0
Democratic Republic of the Congo,1999,24.4
Costa Rica,1999,158.0
Cote d'Ivoire,1999,24.8
Croatia,1999,104.0
Cuba,1999,187.0
Cyprus,1999,95.8
Czechia,1999,121.0
Denmark,1999,136.0
Djibouti,1999,73.4
Dominica,1999,117.0
Dominican Republic,1999,99.7
Ecuador,1999,53.4
Egypt,1999,81.0
El Salvador,1999,116.0
Estonia,1999,139.0
Eswatini,1999,112.0
Ethiopia,1999,11.5
Fiji,1999,79.1
Finland,1999,100.0
France,1999,112.0
Gabon,1999,49.0
Gambia,1999,88.6
Georgia,1999,75.5
Germany,1999,113.0
Ghana,1999,16.2
Greece,1999,88.5
Grenada,1999,98.7
Guatemala,1999,119.0
Guinea,1999,30.8
Guinea-Bissau,1999,12.7
Guyana,1999,94.6
Haiti,1999,65.6
Honduras,1999,111.0
Hungary,1999,119.0
Iceland,1999,154.0
India,1999,62.3
Indonesia,1999,42.3
Iran,1999,73.0
Iraq,1999,47.2
Ireland,1999,111.0
Israel,1999,144.0
Italy,1999,80.6
Jamaica,1999,139.0
Japan,1999,82.3
Jordan,1999,104.0
Kazakhstan,1999,57.1
Kenya,1999,49.1
Kiribati,1999,118.0
Kuwait,1999,113.0
Kyrgyzstan,1999,74.2
Lao,1999,12.8
Latvia,1999,87.1
Lebanon,1999,141.0
Lesotho,1999,43.0
Liberia,1999,12.5
Lithuania,1999,97.6
Luxembourg,1999,0.0
Madagascar,1999,23.1
Malawi,1999,34.0
Malaysia,1999,129.0
Maldives,1999,86.7
Mali,1999,37.9
Malta,1999,145.0
Mauritania,1999,89.7
Mauritius,1999,103.0
Mexico,1999,128.0
Moldova,1999,66.4
Mongolia,1999,25.9
Montenegro,1999,0.0
Morocco,1999,91.2
Mozambique,1999,16.6
Myanmar,1999,29.9
Namibia,1999,62.6
Nepal,1999,13.5
Netherlands,1999,127.0
New Zealand,1999,148.0
Nicaragua,1999,98.0
Niger,1999,17.3
Nigeria,1999,22.2
North Korea,1999,6.71
North Macedonia,1999,105.0
Norway,1999,127.0
Oman,1999,58.3
Pakistan,1999,70.8
Panama,1999,80.1
Paraguay,1999,73.3
Peru,1999,49.0
Philippines,1999,75.9
Poland,1999,119.0
Portugal,1999,89.5
Romania,1999,62.0
Russia,1999,112.0
Rwanda,1999,7.18
Samoa,1999,71.0
Sao Tome and Principe,1999,38.9
Saudi Arabia,1999,81.6
Senegal,1999,40.0
Serbia,1999,0.0
Sierra Leone,1999,14.1
Slovak Republic,1999,99.2
Slovenia,1999,54.9
Solomon Islands,1999,23.5
South Africa,1999,89.3
South Korea,1999,90.8
Spain,1999,81.4
Sri Lanka,1999,74.3
St. Kitts and Nevis,1999,129.0
St. Lucia,1999,108.0
St. Vincent and the Grenadines,1999,121.0
Sudan,1999,37.1
Suriname,1999,122.0
Sweden,1999,128.0
Switzerland,1999,138.0
Tajikistan,1999,35.2
Tanzania,1999,22.0
Thailand,1999,78.7
Timor-Leste,1999,10.8
Togo,1999,11.2
Trinidad and Tobago,1999,166.0
Tunisia,1999,84.2
Turkey,1999,81.2
Turkmenistan,1999,36.6
Uganda,1999,19.5
Ukraine,1999,107.0
United Arab Emirates,1999,92.6
United Kingdom,1999,109.0
United States,1999,188.0
Uruguay,1999,96.5
Uzbekistan,1999,45.3
Vanuatu,1999,41.2
Venezuela,1999,101.0
Vietnam,1999,30.3
Yemen,1999,63.4
Zambia,1999,31.0
Zimbabwe,1999,74.6
Afghanistan,2000,8.74
Albania,2000,63.4
Algeria,2000,78.6
Angola,2000,26.5
Antigua and Barbuda,2000,86.6
Argentina,2000,131.0
Armenia,2000,67.0
Australia,2000,123.0
Austria,2000,127.0
Azerbaijan,2000,29.9
Bahamas,2000,121.0
Bangladesh,2000,18.1
Barbados,2000,149.0
Belarus,2000,107.0
Belgium,2000,151.0
Belize,2000,122.0
Benin,2000,12.8
Bolivia,2000,76.0
Bosnia and Herzegovina,2000,37.0
Botswana,2000,65.4
Brazil,2000,109.0
Brunei,2000,89.6
Bulgaria,2000,79.2
Burkina Faso,2000,9.17
Cambodia,2000,23.0
Cameroon,2000,24.1
Canada,2000,139.0
Cape Verde,2000,65.5
Central African Republic,2000,27.7
Chad,2000,20.2
Chile,2000,125.0
China,2000,15.7
Colombia,2000,172.0
Democratic Republic of the Congo,2000,27.3
Costa Rica,2000,155.0
Cote d'Ivoire,2000,22.3
Croatia,2000,125.0
Cuba,2000,180.0
Cyprus,2000,99.5
Czechia,2000,121.0
Denmark,2000,147.0
Djibouti,2000,73.2
Dominica,2000,118.0
Dominican Republic,2000,96.1
Ecuador,2000,52.0
Egypt,2000,82.1
El Salvador,2000,115.0
Estonia,2000,150.0
Eswatini,2000,106.0
Ethiopia,2000,11.5
Fiji,2000,78.8
Finland,2000,105.0
France,2000,109.0
Gabon,2000,43.1
Gambia,2000,93.5
Georgia,2000,84.0
Germany,2000,115.0
Ghana,2000,20.2
Greece,2000,90.4
Grenada,2000,97.9
Guatemala,2000,121.0
Guinea,2000,31.2
Guinea-Bissau,2000,13.9
Guyana,2000,93.5
Haiti,2000,60.1
Honduras,2000,109.0
Hungary,2000,105.0
Iceland,2000,147.0
India,2000,63.7
Indonesia,2000,44.4
Iran,2000,72.6
Iraq,2000,47.2
Ireland,2000,120.0
Israel,2000,145.0
Italy,2000,84.7
Jamaica,2000,161.0
Japan,2000,78.4
Jordan,2000,115.0
Kazakhstan,2000,56.9
Kenya,2000,57.3
Kiribati,2000,116.0
Kuwait,2000,110.0
Kyrgyzstan,2000,37.1
Lao,2000,12.2
Latvia,2000,92.8
Lebanon,2000,133.0
Lesotho,2000,43.0
Liberia,2000,13.0
Lithuania,2000,101.0
Luxembourg,2000,127.0
Madagascar,2000,22.2
Malawi,2000,31.1
Malaysia,2000,114.0
Maldives,2000,89.7
Mali,2000,38.4
Malta,2000,135.0
Mauritania,2000,113.0
Mauritius,2000,104.0
Mexico,2000,132.0
Moldova,2000,69.0
Mongolia,2000,33.2
Montenegro,2000,0.0
Morocco,2000,103.0
Mozambique,2000,20.8
Myanmar,2000,30.6
Namibia,2000,62.4
Nepal,2000,14.2
Netherlands,2000,126.0
New Zealand,2000,157.0
Nicaragua,2000,103.0
Niger,2000,18.5
Nigeria,2000,22.0
North Korea,2000,7.31
North Macedonia,2000,102.0
Norway,2000,126.0
Oman,2000,74.3
Pakistan,2000,77.6
Panama,2000,74.6
Paraguay,2000,67.9
Peru,2000,47.3
Philippines,2000,78.6
Poland,2000,125.0
Portugal,2000,89.6
Romania,2000,69.4
Russia,2000,112.0
Rwanda,2000,3.97
Samoa,2000,71.1
Sao Tome and Principe,2000,42.6
Saudi Arabia,2000,84.0
Senegal,2000,32.2
Serbia,2000,0.0
Sierra Leone,2000,14.1
Slovak Republic,2000,99.6
Slovenia,2000,57.8
Solomon Islands,2000,17.9
South Africa,2000,88.0
South Korea,2000,96.3
Spain,2000,81.0
Sri Lanka,2000,85.2
St. Kitts and Nevis,2000,129.0
St. Lucia,2000,103.0
St. Vincent and the Grenadines,2000,128.0
Sudan,2000,43.0
Suriname,2000,125.0
Sweden,2000,129.0
Switzerland,2000,149.0
Tajikistan,2000,40.4
Tanzania,2000,22.0
Thailand,2000,79.7
Timor-Leste,2000,12.6
Togo,2000,7.76
Trinidad and Tobago,2000,180.0
Tunisia,2000,78.9
Turkey,2000,84.2
Turkmenistan,2000,30.6
Uganda,2000,22.7
Ukraine,2000,120.0
United Arab Emirates,2000,101.0
United Kingdom,2000,102.0
United States,2000,189.0
Uruguay,2000,89.3
Uzbekistan,2000,41.8
Vanuatu,2000,41.7
Venezuela,2000,104.0
Vietnam,2000,35.7
Yemen,2000,64.8
Zambia,2000,44.2
Zimbabwe,2000,76.5
Afghanistan,2001,8.4
Albania,2001,66.6
Algeria,2001,77.4
Angola,2001,29.4
Antigua and Barbuda,2001,86.7
Argentina,2001,131.0
Armenia,2001,70.9
Australia,2001,125.0
Austria,2001,125.0
Azerbaijan,2001,35.0
Bahamas,2001,121.0
Bangladesh,2001,22.3
Barbados,2001,151.0
Belarus,2001,111.0
Belgium,2001,149.0
Belize,2001,118.0
Benin,2001,11.2
Bolivia,2001,77.0
Bosnia and Herzegovina,2001,45.7
Botswana,2001,67.0
Brazil,2001,109.0
Brunei,2001,109.0
Bulgaria,2001,85.7
Burkina Faso,2001,12.4
Cambodia,2001,31.8
Cameroon,2001,24.6
Canada,2001,145.0
Cape Verde,2001,76.2
Central African Republic,2001,21.4
Chad,2001,19.5
Chile,2001,122.0
China,2001,16.5
Colombia,2001,175.0
Democratic Republic of the Congo,2001,31.8
Costa Rica,2001,151.0
Cote d'Ivoire,2001,23.2
Croatia,2001,158.0
Cuba,2001,170.0
Cyprus,2001,90.3
Czechia,2001,127.0
Denmark,2001,142.0
Djibouti,2001,72.2
Dominica,2001,116.0
Dominican Republic,2001,111.0
Ecuador,2001,50.1
Egypt,2001,88.1
El Salvador,2001,112.0
Estonia,2001,151.0
Eswatini,2001,104.0
Ethiopia,2001,11.6
Fiji,2001,90.3
Finland,2001,95.8
France,2001,112.0
Gabon,2001,42.3
Gambia,2001,72.9
Georgia,2001,81.1
Germany,2001,125.0
Ghana,2001,19.8
Greece,2001,94.4
Grenada,2001,99.1
Guatemala,2001,117.0
Guinea,2001,29.4
Guinea-Bissau,2001,18.1
Guyana,2001,108.0
Haiti,2001,60.9
Honduras,2001,109.0
Hungary,2001,104.0
Iceland,2001,142.0
India,2001,64.1
Indonesia,2001,45.1
Iran,2001,72.6
Iraq,2001,49.3
Ireland,2001,118.0
Israel,2001,120.0
Italy,2001,87.4
Jamaica,2001,157.0
Japan,2001,80.8
Jordan,2001,113.0
Kazakhstan,2001,71.2
Kenya,2001,53.9
Kiribati,2001,123.0
Kuwait,2001,99.5
Kyrgyzstan,2001,34.1
Lao,2001,12.8
Latvia,2001,117.0
Lebanon,2001,105.0
Lesotho,2001,43.4
Liberia,2001,13.4
Lithuania,2001,120.0
Luxembourg,2001,124.0
Madagascar,2001,16.4
Malawi,2001,33.3
Malaysia,2001,119.0
Maldives,2001,94.2
Mali,2001,37.9
Malta,2001,142.0
Mauritania,2001,112.0
Mauritius,2001,111.0
Mexico,2001,137.0
Moldova,2001,77.9
Mongolia,2001,36.0
Montenegro,2001,0.0
Morocco,2001,99.5
Mozambique,2001,21.0
Myanmar,2001,36.0
Namibia,2001,61.5
Nepal,2001,13.6
Netherlands,2001,126.0
New Zealand,2001,164.0
Nicaragua,2001,103.0
Niger,2001,15.8
Nigeria,2001,29.2
North Korea,2001,7.93
North Macedonia,2001,96.1
Norway,2001,123.0
Oman,2001,76.7
Pakistan,2001,80.1
Panama,2001,70.7
Paraguay,2001,67.5
Peru,2001,52.1
Philippines,2001,73.0
Poland,2001,126.0
Portugal,2001,89.0
Romania,2001,72.5
Russia,2001,114.0
Rwanda,2001,7.64
Samoa,2001,69.7
Sao Tome and Principe,2001,48.5
Saudi Arabia,2001,84.6
Senegal,2001,41.0
Serbia,2001,0.0
Sierra Leone,2001,13.5
Slovak Republic,2001,89.6
Slovenia,2001,55.0
Solomon Islands,2001,17.9
South Africa,2001,86.0
South Korea,2001,100.0
Spain,2001,81.7
Sri Lanka,2001,83.8
St. Kitts and Nevis,2001,140.0
St. Lucia,2001,110.0
St. Vincent and the Grenadines,2001,128.0
Sudan,2001,45.5
Suriname,2001,126.0
Sweden,2001,123.0
Switzerland,2001,147.0
Tajikistan,2001,31.9
Tanzania,2001,21.8
Thailand,2001,82.9
Timor-Leste,2001,17.4
Togo,2001,7.85
Trinidad and Tobago,2001,182.0
Tunisia,2001,78.4
Turkey,2001,84.9
Turkmenistan,2001,28.9
Uganda,2001,21.5
Ukraine,2001,130.0
United Arab Emirates,2001,102.0
United Kingdom,2001,111.0
United States,2001,186.0
Uruguay,2001,76.3
Uzbekistan,2001,27.1
Vanuatu,2001,40.9
Venezuela,2001,102.0
Vietnam,2001,34.4
Yemen,2001,65.9
Zambia,2001,31.2
Zimbabwe,2001,81.5
Afghanistan,2002,9.46
Albania,2002,70.7
Algeria,2002,80.5
Angola,2002,36.3
Antigua and Barbuda,2002,86.4
Argentina,2002,128.0
Armenia,2002,77.0
Australia,2002,125.0
Austria,2002,123.0
Azerbaijan,2002,43.2
Bahamas,2002,106.0
Bangladesh,2002,18.5
Barbados,2002,149.0
Belarus,2002,111.0
Belgium,2002,148.0
Belize,2002,121.0
Benin,2002,13.5
Bolivia,2002,75.9
Bosnia and Herzegovina,2002,46.0
Botswana,2002,67.6
Brazil,2002,108.0
Brunei,2002,82.2
Bulgaria,2002,84.7
Burkina Faso,2002,16.2
Cambodia,2002,51.3
Cameroon,2002,29.3
Canada,2002,153.0
Cape Verde,2002,67.9
Central African Republic,2002,21.3
Chad,2002,20.6
Chile,2002,124.0
China,2002,15.7
Colombia,2002,172.0
Democratic Republic of the Congo,2002,34.8
Costa Rica,2002,152.0
Cote d'Ivoire,2002,28.4
Croatia,2002,170.0
Cuba,2002,156.0
Cyprus,2002,106.0
Czechia,2002,140.0
Denmark,2002,158.0
Djibouti,2002,73.5
Dominica,2002,116.0
Dominican Republic,2002,111.0
Ecuador,2002,49.0
Egypt,2002,83.5
El Salvador,2002,108.0
Estonia,2002,118.0
Eswatini,2002,108.0
Ethiopia,2002,11.3
Fiji,2002,92.6
Finland,2002,95.3
France,2002,113.0
Gabon,2002,43.6
Gambia,2002,78.0
Georgia,2002,89.6
Germany,2002,124.0
Ghana,2002,20.1
Greece,2002,94.2
Grenada,2002,101.0
Guatemala,2002,131.0
Guinea,2002,28.3
Guinea-Bissau,2002,14.3
Guyana,2002,101.0
Haiti,2002,63.9
Honduras,2002,108.0
Hungary,2002,102.0
Iceland,2002,145.0
India,2002,62.9
Indonesia,2002,45.1
Iran,2002,72.9
Iraq,2002,51.3
Ireland,2002,91.2
Israel,2002,122.0
Italy,2002,85.8
Jamaica,2002,157.0
Japan,2002,81.5
Jordan,2002,117.0
Kazakhstan,2002,81.2
Kenya,2002,52.3
Kiribati,2002,126.0
Kuwait,2002,119.0
Kyrgyzstan,2002,38.9
Lao,2002,11.9
Latvia,2002,110.0
Lebanon,2002,102.0
Lesotho,2002,44.7
Liberia,2002,14.2
Lithuania,2002,110.0
Luxembourg,2002,122.0
Madagascar,2002,12.3
Malawi,2002,33.7
Malaysia,2002,106.0
Maldives,2002,94.3
Mali,2002,39.6
Malta,2002,144.0
Mauritania,2002,100.0
Mauritius,2002,101.0
Mexico,2002,137.0
Moldova,2002,73.2
Mongolia,2002,32.2
Montenegro,2002,0.0
Morocco,2002,102.0
Mozambique,2002,20.4
Myanmar,2002,34.8
Namibia,2002,60.8
Nepal,2002,13.3
Netherlands,2002,126.0
New Zealand,2002,166.0
Nicaragua,2002,102.0
Niger,2002,14.4
Nigeria,2002,29.2
North Korea,2002,7.5
North Macedonia,2002,99.6
Norway,2002,121.0
Oman,2002,78.0
Pakistan,2002,74.0
Panama,2002,78.0
Paraguay,2002,68.1
Peru,2002,55.8
Philippines,2002,74.5
Poland,2002,126.0
Portugal,2002,88.3
Romania,2002,70.9
Russia,2002,120.0
Rwanda,2002,6.02
Samoa,2002,68.7
Sao Tome and Principe,2002,53.2
Saudi Arabia,2002,84.2
Senegal,2002,35.8
Serbia,2002,0.0
Sierra Leone,2002,13.8
Slovak Republic,2002,87.3
Slovenia,2002,55.2
Solomon Islands,2002,19.5
South Africa,2002,84.5
South Korea,2002,103.0
Spain,2002,81.5
Sri Lanka,2002,85.9
St. Kitts and Nevis,2002,136.0
St. Lucia,2002,107.0
St. Vincent and the Grenadines,2002,124.0
Sudan,2002,52.6
Suriname,2002,131.0
Sweden,2002,115.0
Switzerland,2002,157.0
Tajikistan,2002,35.7
Tanzania,2002,21.5
Thailand,2002,84.8
Timor-Leste,2002,15.8
Togo,2002,12.8
Trinidad and Tobago,2002,162.0
Tunisia,2002,87.4
Turkey,2002,76.2
Turkmenistan,2002,28.0
Uganda,2002,22.9
Ukraine,2002,122.0
United Arab Emirates,2002,103.0
United Kingdom,2002,113.0
United States,2002,193.0
Uruguay,2002,99.8
Uzbekistan,2002,18.6
Vanuatu,2002,42.7
Venezuela,2002,91.8
Vietnam,2002,33.4
Yemen,2002,66.8
Zambia,2002,34.8
Zimbabwe,2002,83.4
Afghanistan,2003,12.2
Albania,2003,67.0
Algeria,2003,82.8
Angola,2003,41.5
Antigua and Barbuda,2003,83.5
Argentina,2003,128.0
Armenia,2003,87.6
Australia,2003,128.0
Austria,2003,127.0
Azerbaijan,2003,44.9
Bahamas,2003,130.0
Bangladesh,2003,17.1
Barbados,2003,150.0
Belarus,2003,91.6
Belgium,2003,149.0
Belize,2003,126.0
Benin,2003,14.8
Bolivia,2003,74.9
Bosnia and Herzegovina,2003,41.0
Botswana,2003,81.0
Brazil,2003,114.0
Brunei,2003,107.0
Bulgaria,2003,84.0
Burkina Faso,2003,12.4
Cambodia,2003,47.7
Cameroon,2003,27.3
Canada,2003,153.0
Cape Verde,2003,70.5
Central African Republic,2003,26.2
Chad,2003,19.6
Chile,2003,117.0
China,2003,17.4
Colombia,2003,173.0
Democratic Republic of the Congo,2003,37.2
Costa Rica,2003,153.0
Cote d'Ivoire,2003,29.1
Croatia,2003,186.0
Cuba,2003,148.0
Cyprus,2003,111.0
Czechia,2003,150.0
Denmark,2003,158.0
Djibouti,2003,74.6
Dominica,2003,118.0
Dominican Republic,2003,106.0
Ecuador,2003,50.8
Egypt,2003,76.4
El Salvador,2003,105.0
Estonia,2003,120.0
Eswatini,2003,99.1
Ethiopia,2003,11.6
Fiji,2003,99.0
Finland,2003,94.1
France,2003,111.0
Gabon,2003,44.8
Gambia,2003,75.0
Georgia,2003,92.1
Germany,2003,133.0
Ghana,2003,19.0
Greece,2003,96.2
Grenada,2003,103.0
Guatemala,2003,140.0
Guinea,2003,31.1
Guinea-Bissau,2003,19.2
Guyana,2003,105.0
Haiti,2003,58.6
Honduras,2003,115.0
Hungary,2003,103.0
Iceland,2003,144.0
India,2003,66.2
Indonesia,2003,45.2
Iran,2003,73.0
Iraq,2003,51.5
Ireland,2003,105.0
Israel,2003,107.0
Italy,2003,85.8
Jamaica,2003,154.0
Japan,2003,82.3
Jordan,2003,122.0
Kazakhstan,2003,78.0
Kenya,2003,51.8
Kiribati,2003,129.0
Kuwait,2003,127.0
Kyrgyzstan,2003,39.9
Lao,2003,12.2
Latvia,2003,96.4
Lebanon,2003,104.0
Lesotho,2003,47.6
Liberia,2003,13.6
Lithuania,2003,107.0
Luxembourg,2003,121.0
Madagascar,2003,19.1
Malawi,2003,34.1
Malaysia,2003,109.0
Maldives,2003,91.0
Mali,2003,36.8
Malta,2003,147.0
Mauritania,2003,92.2
Mauritius,2003,106.0
Mexico,2003,138.0
Moldova,2003,81.9
Mongolia,2003,32.3
Montenegro,2003,0.0
Morocco,2003,0.0
Mozambique,2003,23.4
Myanmar,2003,36.9
Namibia,2003,59.6
Nepal,2003,13.7
Netherlands,2003,131.0
New Zealand,2003,170.0
Nicaragua,2003,101.0
Niger,2003,17.3
Nigeria,2003,28.5
North Korea,2003,8.51
North Macedonia,2003,100.0
Norway,2003,117.0
Oman,2003,77.7
Pakistan,2003,71.1
Panama,2003,77.8
Paraguay,2003,71.2
Peru,2003,57.2
Philippines,2003,76.3
Poland,2003,126.0
Portugal,2003,89.8
Romania,2003,73.8
Russia,2003,122.0
Rwanda,2003,5.48
Samoa,2003,71.4
Sao Tome and Principe,2003,52.1
Saudi Arabia,2003,85.6
Senegal,2003,35.9
Serbia,2003,0.0
Sierra Leone,2003,0.0
Slovak Republic,2003,86.2
Slovenia,2003,55.6
Solomon Islands,2003,22.6
South Africa,2003,87.3
South Korea,2003,103.0
Spain,2003,81.7
Sri Lanka,2003,78.5
St. Kitts and Nevis,2003,130.0
St. Lucia,2003,99.0
St. Vincent and the Grenadines,2003,122.0
Sudan,2003,53.7
Suriname,2003,133.0
Sweden,2003,115.0
Switzerland,2003,156.0
Tajikistan,2003,37.0
Tanzania,2003,24.4
Thailand,2003,87.2
Timor-Leste,2003,16.2
Togo,2003,15.0
Trinidad and Tobago,2003,163.0
Tunisia,2003,97.8
Turkey,2003,72.4
Turkmenistan,2003,26.6
Uganda,2003,24.1
Ukraine,2003,124.0
United Arab Emirates,2003,105.0
United Kingdom,2003,111.0
United States,2003,192.0
Uruguay,2003,99.1
Uzbekistan,2003,12.3
Vanuatu,2003,42.5
Venezuela,2003,94.4
Vietnam,2003,34.9
Yemen,2003,70.3
Zambia,2003,32.8
Zimbabwe,2003,75.0
Afghanistan,2004,15.5
Albania,2004,55.0
Algeria,2004,84.3
Angola,2004,39.3
Antigua and Barbuda,2004,93.1
Argentina,2004,131.0
Armenia,2004,85.1
Australia,2004,128.0
Austria,2004,130.0
Azerbaijan,2004,42.6
Bahamas,2004,132.0
Bangladesh,2004,21.9
Barbados,2004,148.0
Belarus,2004,96.3
Belgium,2004,146.0
Belize,2004,121.0
Benin,2004,9.82
Bolivia,2004,74.6
Bosnia and Herzegovina,2004,44.3
Botswana,2004,77.6
Brazil,2004,115.0
Brunei,2004,124.0
Bulgaria,2004,86.1
Burkina Faso,2004,10.3
Cambodia,2004,62.9
Cameroon,2004,26.8
Canada,2004,149.0
Cape Verde,2004,71.0
Central African Republic,2004,28.2
Chad,2004,23.1
Chile,2004,119.0
China,2004,16.7
Colombia,2004,174.0
Democratic Republic of the Congo,2004,41.2
Costa Rica,2004,152.0
Cote d'Ivoire,2004,27.3
Croatia,2004,178.0
Cuba,2004,170.0
Cyprus,2004,113.0
Czechia,2004,150.0
Denmark,2004,159.0
Djibouti,2004,73.1
Dominica,2004,124.0
Dominican Republic,2004,106.0
Ecuador,2004,49.5
Egypt,2004,75.9
El Salvador,2004,103.0
Estonia,2004,144.0
Eswatini,2004,78.2
Ethiopia,2004,15.4
Fiji,2004,103.0
Finland,2004,95.4
France,2004,113.0
Gabon,2004,45.1
Gambia,2004,80.3
Georgia,2004,103.0
Germany,2004,135.0
Ghana,2004,22.8
Greece,2004,100.0
Grenada,2004,103.0
Guatemala,2004,136.0
Guinea,2004,32.1
Guinea-Bissau,2004,30.3
Guyana,2004,108.0
Haiti,2004,60.8
Honduras,2004,114.0
Hungary,2004,103.0
Iceland,2004,138.0
India,2004,54.7
Indonesia,2004,44.9
Iran,2004,74.5
Iraq,2004,74.6
Ireland,2004,103.0
Israel,2004,74.9
Italy,2004,88.1
Jamaica,2004,136.0
Japan,2004,82.5
Jordan,2004,137.0
Kazakhstan,2004,91.9
Kenya,2004,51.7
Kiribati,2004,127.0
Kuwait,2004,117.0
Kyrgyzstan,2004,56.6
Lao,2004,10.9
Latvia,2004,101.0
Lebanon,2004,106.0
Lesotho,2004,46.6
Liberia,2004,14.5
Lithuania,2004,106.0
Luxembourg,2004,122.0
Madagascar,2004,19.0
Malawi,2004,34.3
Malaysia,2004,98.7
Maldives,2004,98.5
Mali,2004,35.6
Malta,2004,150.0
Mauritania,2004,94.0
Mauritius,2004,103.0
Mexico,2004,136.0
Moldova,2004,76.7
Mongolia,2004,33.3
Montenegro,2004,0.0
Morocco,2004,0.0
Mozambique,2004,23.3
Myanmar,2004,37.5
Namibia,2004,59.0
Nepal,2004,13.8
Netherlands,2004,130.0
New Zealand,2004,165.0
Nicaragua,2004,100.0
Niger,2004,19.6
Nigeria,2004,28.8
North Korea,2004,8.33
North Macedonia,2004,103.0
Norway,2004,112.0
Oman,2004,86.4
Pakistan,2004,78.3
Panama,2004,78.1
Paraguay,2004,68.6
Peru,2004,56.6
Philippines,2004,75.9
Poland,2004,123.0
Portugal,2004,84.4
Romania,2004,76.8
Russia,2004,127.0
Rwanda,2004,3.29
Samoa,2004,80.3
Sao Tome and Principe,2004,56.9
Saudi Arabia,2004,84.6
Senegal,2004,31.3
Serbia,2004,0.0
Sierra Leone,2004,0.0
Slovak Republic,2004,108.0
Slovenia,2004,62.2
Solomon Islands,2004,23.1
South Africa,2004,84.3
South Korea,2004,103.0
Spain,2004,81.9
Sri Lanka,2004,76.0
St. Kitts and Nevis,2004,117.0
St. Lucia,2004,105.0
St. Vincent and the Grenadines,2004,122.0
Sudan,2004,58.1
Suriname,2004,126.0
Sweden,2004,113.0
Switzerland,2004,163.0
Tajikistan,2004,37.8
Tanzania,2004,24.1
Thailand,2004,91.6
Timor-Leste,2004,17.9
Togo,2004,16.1
Trinidad and Tobago,2004,172.0
Tunisia,2004,96.3
Turkey,2004,77.9
Turkmenistan,2004,25.2
Uganda,2004,26.9
Ukraine,2004,131.0
United Arab Emirates,2004,105.0
United Kingdom,2004,114.0
United States,2004,194.0
Uruguay,2004,97.3
Uzbekistan,2004,13.2
Vanuatu,2004,43.5
Venezuela,2004,105.0
Vietnam,2004,37.9
Yemen,2004,69.5
Zambia,2004,31.9
Zimbabwe,2004,72.4
Afghanistan,2005,18.6
Albania,2005,58.6
Algeria,2005,75.5
Angola,2005,37.1
Antigua and Barbuda,2005,79.7
Argentina,2005,136.0
Armenia,2005,94.1
Australia,2005,128.0
Austria,2005,136.0
Azerbaijan,2005,48.8
Bahamas,2005,137.0
Bangladesh,2005,28.7
Barbados,2005,151.0
Belarus,2005,105.0
Belgium,2005,146.0
Belize,2005,118.0
Benin,2005,8.9
Bolivia,2005,74.3
Bosnia and Herzegovina,2005,46.4
Botswana,2005,79.3
Brazil,2005,115.0
Brunei,2005,125.0
Bulgaria,2005,94.5
Burkina Faso,2005,16.6
Cambodia,2005,49.0
Cameroon,2005,25.6
Canada,2005,147.0
Cape Verde,2005,66.9
Central African Republic,2005,28.5
Chad,2005,25.1
Chile,2005,119.0
China,2005,16.9
Colombia,2005,169.0
Democratic Republic of the Congo,2005,39.8
Costa Rica,2005,157.0
Cote d'Ivoire,2005,27.3
Croatia,2005,168.0
Cuba,2005,148.0
Cyprus,2005,105.0
Czechia,2005,103.0
Denmark,2005,139.0
Djibouti,2005,73.5
Dominica,2005,121.0
Dominican Republic,2005,108.0
Ecuador,2005,49.7
Egypt,2005,74.4
El Salvador,2005,109.0
Estonia,2005,144.0
Eswatini,2005,73.1
Ethiopia,2005,15.0
Fiji,2005,110.0
Finland,2005,93.2
France,2005,114.0
Gabon,2005,43.7
Gambia,2005,81.4
Georgia,2005,106.0
Germany,2005,140.0
Ghana,2005,26.0
Greece,2005,93.2
Grenada,2005,104.0
Guatemala,2005,144.0
Guinea,2005,35.5
Guinea-Bissau,2005,29.9
Guyana,2005,100.0
Haiti,2005,60.1
Honduras,2005,116.0
Hungary,2005,98.8
Iceland,2005,131.0
India,2005,54.2
Indonesia,2005,46.5
Iran,2005,75.3
Iraq,2005,64.5
Ireland,2005,104.0
Israel,2005,73.5
Italy,2005,87.4
Jamaica,2005,143.0
Japan,2005,78.6
Jordan,2005,136.0
Kazakhstan,2005,93.4
Kenya,2005,52.3
Kiribati,2005,125.0
Kuwait,2005,112.0
Kyrgyzstan,2005,62.9
Lao,2005,14.4
Latvia,2005,106.0
Lebanon,2005,103.0
Lesotho,2005,45.6
Liberia,2005,15.1
Lithuania,2005,115.0
Luxembourg,2005,139.0
Madagascar,2005,18.8
Malawi,2005,34.1
Malaysia,2005,84.8
Maldives,2005,99.2
Mali,2005,35.2
Malta,2005,149.0
Mauritania,2005,88.7
Mauritius,2005,103.0
Mexico,2005,127.0
Moldova,2005,78.6
Mongolia,2005,37.0
Montenegro,2005,0.0
Morocco,2005,0.0
Mozambique,2005,24.0
Myanmar,2005,37.0
Namibia,2005,59.7
Nepal,2005,12.9
Netherlands,2005,128.0
New Zealand,2005,169.0
Nicaragua,2005,100.0
Niger,2005,18.8
Nigeria,2005,27.5
North Korea,2005,6.42
North Macedonia,2005,93.7
Norway,2005,104.0
Oman,2005,92.9
Pakistan,2005,82.3
Panama,2005,78.2
Paraguay,2005,69.7
Peru,2005,61.9
Philippines,2005,70.1
Poland,2005,119.0
Portugal,2005,84.1
Romania,2005,77.5
Russia,2005,133.0
Rwanda,2005,5.21
Samoa,2005,84.7
Sao Tome and Principe,2005,56.9
Saudi Arabia,2005,88.6
Senegal,2005,32.8
Serbia,2005,0.0
Sierra Leone,2005,0.0
Slovak Republic,2005,131.0
Slovenia,2005,65.3
Solomon Islands,2005,28.4
South Africa,2005,84.2
South Korea,2005,104.0
Spain,2005,81.9
Sri Lanka,2005,72.4
St. Kitts and Nevis,2005,125.0
St. Lucia,2005,100.0
St. Vincent and the Grenadines,2005,122.0
Sudan,2005,65.3
Suriname,2005,131.0
Sweden,2005,115.0
Switzerland,2005,161.0
Tajikistan,2005,38.7
Tanzania,2005,26.7
Thailand,2005,88.2
Timor-Leste,2005,13.5
Togo,2005,15.5
Trinidad and Tobago,2005,170.0
Tunisia,2005,92.7
Turkey,2005,80.3
Turkmenistan,2005,24.9
Uganda,2005,25.1
Ukraine,2005,135.0
United Arab Emirates,2005,110.0
United Kingdom,2005,103.0
United States,2005,193.0
Uruguay,2005,97.4
Uzbekistan,2005,22.6
Vanuatu,2005,42.6
Venezuela,2005,105.0
Vietnam,2005,32.0
Yemen,2005,70.0
Zambia,2005,30.0
Zimbabwe,2005,67.5
Afghanistan,2006,19.7
Albania,2006,67.2
Algeria,2006,77.9
Angola,2006,38.3
Antigua and Barbuda,2006,85.0
Argentina,2006,133.0
Armenia,2006,92.8
Australia,2006,127.0
Austria,2006,134.0
Azerbaijan,2006,50.5
Bahamas,2006,127.0
Bangladesh,2006,24.6
Barbados,2006,151.0
Belarus,2006,96.3
Belgium,2006,140.0
Belize,2006,117.0
Benin,2006,9.06
Bolivia,2006,71.3
Bosnia and Herzegovina,2006,52.4
Botswana,2006,81.4
Brazil,2006,115.0
Brunei,2006,129.0
Bulgaria,2006,97.6
Burkina Faso,2006,17.0
Cambodia,2006,48.1
Cameroon,2006,23.5
Canada,2006,145.0
Cape Verde,2006,61.9
Central African Republic,2006,24.0
Chad,2006,25.2
Chile,2006,119.0
China,2006,17.2
Colombia,2006,167.0
Democratic Republic of the Congo,2006,42.1
Costa Rica,2006,158.0
Cote d'Ivoire,2006,26.6
Croatia,2006,171.0
Cuba,2006,139.0
Cyprus,2006,91.2
Czechia,2006,88.0
Denmark,2006,148.0
Djibouti,2006,74.7
Dominica,2006,125.0
Dominican Republic,2006,102.0
Ecuador,2006,56.2
Egypt,2006,72.5
El Salvador,2006,116.0
Estonia,2006,131.0
Eswatini,2006,97.4
Ethiopia,2006,15.8
Fiji,2006,112.0
Finland,2006,91.4
France,2006,104.0
Gabon,2006,43.0
Gambia,2006,73.6
Georgia,2006,108.0
Germany,2006,132.0
Ghana,2006,26.5
Greece,2006,78.3
Grenada,2006,104.0
Guatemala,2006,137.0
Guinea,2006,35.6
Guinea-Bissau,2006,29.1
Guyana,2006,100.0
Haiti,2006,60.3
Honduras,2006,124.0
Hungary,2006,102.0
Iceland,2006,129.0
India,2006,55.1
Indonesia,2006,39.6
Iran,2006,77.2
Iraq,2006,69.7
Ireland,2006,108.0
Israel,2006,70.6
Italy,2006,81.9
Jamaica,2006,131.0
Japan,2006,75.7
Jordan,2006,143.0
Kazakhstan,2006,85.0
Kenya,2006,51.0
Kiribati,2006,126.0
Kuwait,2006,108.0
Kyrgyzstan,2006,70.5
Lao,2006,14.5
Latvia,2006,88.2
Lebanon,2006,103.0
Lesotho,2006,46.8
Liberia,2006,16.2
Lithuania,2006,126.0
Luxembourg,2006,141.0
Madagascar,2006,18.7
Malawi,2006,34.4
Malaysia,2006,97.5
Maldives,2006,96.6
Mali,2006,37.6
Malta,2006,137.0
Mauritania,2006,89.7
Mauritius,2006,106.0
Mexico,2006,133.0
Moldova,2006,82.0
Mongolia,2006,36.7
Montenegro,2006,126.0
Morocco,2006,99.3
Mozambique,2006,23.6
Myanmar,2006,38.8
Namibia,2006,57.5
Nepal,2006,13.8
Netherlands,2006,127.0
New Zealand,2006,162.0
Nicaragua,2006,101.0
Niger,2006,17.5
Nigeria,2006,25.6
North Korea,2006,7.36
North Macedonia,2006,95.9
Norway,2006,101.0
Oman,2006,87.5
Pakistan,2006,82.8
Panama,2006,79.8
Paraguay,2006,69.5
Peru,2006,58.6
Philippines,2006,67.5
Poland,2006,119.0
Portugal,2006,81.7
Romania,2006,85.0
Russia,2006,138.0
Rwanda,2006,8.2
Samoa,2006,85.2
Sao Tome and Principe,2006,58.5
Saudi Arabia,2006,89.4
Senegal,2006,43.9
Serbia,2006,84.7
Sierra Leone,2006,18.5
Slovak Republic,2006,121.0
Slovenia,2006,62.9
Solomon Islands,2006,36.9
South Africa,2006,85.8
South Korea,2006,104.0
Spain,2006,82.8
Sri Lanka,2006,83.0
St. Kitts and Nevis,2006,119.0
St. Lucia,2006,107.0
St. Vincent and the Grenadines,2006,125.0
Sudan,2006,66.4
Suriname,2006,129.0
Sweden,2006,113.0
Switzerland,2006,164.0
Tajikistan,2006,45.1
Tanzania,2006,26.3
Thailand,2006,104.0
Timor-Leste,2006,19.8
Togo,2006,18.0
Trinidad and Tobago,2006,174.0
Tunisia,2006,96.0
Turkey,2006,88.0
Turkmenistan,2006,25.1
Uganda,2006,25.9
Ukraine,2006,142.0
United Arab Emirates,2006,103.0
United Kingdom,2006,90.5
United States,2006,187.0
Uruguay,2006,98.0
Uzbekistan,2006,34.2
Vanuatu,2006,39.1
Venezuela,2006,108.0
Vietnam,2006,35.9
Yemen,2006,73.1
Zambia,2006,31.2
Zimbabwe,2006,73.1
Afghanistan,2007,20.8
Albania,2007,75.5
Algeria,2007,86.7
Angola,2007,39.5
Antigua and Barbuda,2007,87.3
Argentina,2007,134.0
Armenia,2007,94.0
Australia,2007,130.0
Austria,2007,129.0
Azerbaijan,2007,37.0
Bahamas,2007,124.0
Bangladesh,2007,23.7
Barbados,2007,153.0
Belarus,2007,104.0
Belgium,2007,138.0
Belize,2007,120.0
Benin,2007,8.24
Bolivia,2007,70.4
Bosnia and Herzegovina,2007,57.0
Botswana,2007,84.9
Brazil,2007,114.0
Brunei,2007,133.0
Bulgaria,2007,93.1
Burkina Faso,2007,18.7
Cambodia,2007,48.4
Cameroon,2007,27.4
Canada,2007,146.0
Cape Verde,2007,61.0
Central African Republic,2007,25.7
Chad,2007,24.9
Chile,2007,129.0
China,2007,17.7
Colombia,2007,167.0
Democratic Republic of the Congo,2007,51.9
Costa Rica,2007,161.0
Cote d'Ivoire,2007,28.3
Croatia,2007,132.0
Cuba,2007,137.0
Cyprus,2007,100.0
Czechia,2007,95.2
Denmark,2007,172.0
Djibouti,2007,79.4
Dominica,2007,126.0
Dominican Republic,2007,105.0
Ecuador,2007,49.6
Egypt,2007,72.5
El Salvador,2007,113.0
Estonia,2007,131.0
Eswatini,2007,86.3
Ethiopia,2007,15.3
Fiji,2007,111.0
Finland,2007,94.4
France,2007,102.0
Gabon,2007,43.6
Gambia,2007,77.9
Georgia,2007,117.0
Germany,2007,126.0
Ghana,2007,27.7
Greece,2007,86.0
Grenada,2007,102.0
Guatemala,2007,152.0
Guinea,2007,36.3
Guinea-Bissau,2007,30.0
Guyana,2007,113.0
Haiti,2007,59.7
Honduras,2007,126.0
Hungary,2007,95.9
Iceland,2007,127.0
India,2007,56.2
Indonesia,2007,39.1
Iran,2007,76.3
Iraq,2007,61.2
Ireland,2007,116.0
Israel,2007,71.6
Italy,2007,81.3
Jamaica,2007,132.0
Japan,2007,82.5
Jordan,2007,134.0
Kazakhstan,2007,88.7
Kenya,2007,49.3
Kiribati,2007,124.0
Kuwait,2007,110.0
Kyrgyzstan,2007,68.0
Lao,2007,16.6
Latvia,2007,80.2
Lebanon,2007,137.0
Lesotho,2007,47.2
Liberia,2007,16.3
Lithuania,2007,130.0
Luxembourg,2007,142.0
Madagascar,2007,19.4
Malawi,2007,34.5
Malaysia,2007,107.0
Maldives,2007,98.3
Mali,2007,36.6
Malta,2007,137.0
Mauritania,2007,105.0
Mauritius,2007,103.0
Mexico,2007,133.0
Moldova,2007,103.0
Mongolia,2007,34.2
Montenegro,2007,130.0
Morocco,2007,108.0
Mozambique,2007,27.8
Myanmar,2007,46.8
Namibia,2007,51.6
Nepal,2007,13.9
Netherlands,2007,128.0
New Zealand,2007,165.0
Nicaragua,2007,100.0
Niger,2007,15.8
Nigeria,2007,26.1
North Korea,2007,13.4
North Macedonia,2007,99.0
Norway,2007,103.0
Oman,2007,93.4
Pakistan,2007,81.6
Panama,2007,83.3
Paraguay,2007,68.6
Peru,2007,58.5
Philippines,2007,68.2
Poland,2007,119.0
Portugal,2007,79.0
Romania,2007,74.8
Russia,2007,140.0
Rwanda,2007,10.0
Samoa,2007,85.2
Sao Tome and Principe,2007,59.6
Saudi Arabia,2007,87.8
Senegal,2007,42.9
Serbia,2007,87.8
Sierra Leone,2007,18.4
Slovak Republic,2007,111.0
Slovenia,2007,65.7
Solomon Islands,2007,22.4
South Africa,2007,84.0
South Korea,2007,100.0
Spain,2007,81.7
Sri Lanka,2007,72.2
St. Kitts and Nevis,2007,127.0
St. Lucia,2007,112.0
St. Vincent and the Grenadines,2007,123.0
Sudan,2007,63.5
Suriname,2007,132.0
Sweden,2007,114.0
Switzerland,2007,162.0
Tajikistan,2007,44.7
Tanzania,2007,27.2
Thailand,2007,101.0
Timor-Leste,2007,21.4
Togo,2007,21.6
Trinidad and Tobago,2007,172.0
Tunisia,2007,96.2
Turkey,2007,78.0
Turkmenistan,2007,23.1
Uganda,2007,25.7
Ukraine,2007,144.0
United Arab Emirates,2007,88.9
United Kingdom,2007,99.0
United States,2007,175.0
Uruguay,2007,97.6
Uzbekistan,2007,56.1
Vanuatu,2007,51.0
Venezuela,2007,107.0
Vietnam,2007,31.7
Yemen,2007,74.3
Zambia,2007,27.0
Zimbabwe,2007,64.9
Afghanistan,2008,23.4
Albania,2008,102.0
Algeria,2008,78.5
Angola,2008,44.1
Antigua and Barbuda,2008,89.2
Argentina,2008,133.0
Armenia,2008,98.9
Australia,2008,129.0
Austria,2008,134.0
Azerbaijan,2008,39.6
Bahamas,2008,125.0
Bangladesh,2008,22.7
Barbados,2008,160.0
Belarus,2008,113.0
Belgium,2008,144.0
Belize,2008,115.0
Benin,2008,14.5
Bolivia,2008,71.2
Bosnia and Herzegovina,2008,59.3
Botswana,2008,79.1
Brazil,2008,116.0
Brunei,2008,125.0
Bulgaria,2008,92.7
Burkina Faso,2008,13.1
Cambodia,2008,56.9
Cameroon,2008,26.2
Canada,2008,141.0
Cape Verde,2008,60.8
Central African Republic,2008,25.7
Chad,2008,22.4
Chile,2008,130.0
China,2008,17.5
Colombia,2008,167.0
Democratic Republic of the Congo,2008,52.0
Costa Rica,2008,154.0
Cote d'Ivoire,2008,27.6
Croatia,2008,140.0
Cuba,2008,122.0
Cyprus,2008,95.7
Czechia,2008,95.8
Denmark,2008,147.0
Djibouti,2008,82.1
Dominica,2008,126.0
Dominican Republic,2008,103.0
Ecuador,2008,54.2
Egypt,2008,74.6
El Salvador,2008,112.0
Estonia,2008,119.0
Eswatini,2008,86.1
Ethiopia,2008,16.3
Fiji,2008,106.0
Finland,2008,81.9
France,2008,99.5
Gabon,2008,39.7
Gambia,2008,72.6
Georgia,2008,124.0
Germany,2008,136.0
Ghana,2008,26.1
Greece,2008,85.1
Grenada,2008,104.0
Guatemala,2008,135.0
Guinea,2008,37.0
Guinea-Bissau,2008,29.1
Guyana,2008,107.0
Haiti,2008,58.7
Honduras,2008,126.0
Hungary,2008,98.3
Iceland,2008,128.0
India,2008,62.2
Indonesia,2008,37.9
Iran,2008,75.2
Iraq,2008,50.8
Ireland,2008,120.0
Israel,2008,69.4
Italy,2008,81.5
Jamaica,2008,151.0
Japan,2008,77.8
Jordan,2008,134.0
Kazakhstan,2008,86.8
Kenya,2008,48.3
Kiribati,2008,131.0
Kuwait,2008,106.0
Kyrgyzstan,2008,70.0
Lao,2008,17.1
Latvia,2008,96.4
Lebanon,2008,131.0
Lesotho,2008,46.8
Liberia,2008,16.8
Lithuania,2008,137.0
Luxembourg,2008,141.0
Madagascar,2008,18.9
Malawi,2008,36.9
Malaysia,2008,110.0
Maldives,2008,101.0
Mali,2008,37.0
Malta,2008,162.0
Mauritania,2008,98.3
Mauritius,2008,96.4
Mexico,2008,134.0
Moldova,2008,85.9
Mongolia,2008,39.2
Montenegro,2008,127.0
Morocco,2008,112.0
Mozambique,2008,30.6
Myanmar,2008,47.9
Namibia,2008,42.9
Nepal,2008,12.7
Netherlands,2008,126.0
New Zealand,2008,171.0
Nicaragua,2008,108.0
Niger,2008,15.3
Nigeria,2008,26.8
North Korea,2008,15.5
North Macedonia,2008,110.0
Norway,2008,105.0
Oman,2008,96.5
Pakistan,2008,79.7
Panama,2008,81.9
Paraguay,2008,70.0
Peru,2008,62.5
Philippines,2008,70.6
Poland,2008,115.0
Portugal,2008,82.6
Romania,2008,67.0
Russia,2008,139.0
Rwanda,2008,8.79
Samoa,2008,102.0
Sao Tome and Principe,2008,59.2
Saudi Arabia,2008,88.8
Senegal,2008,37.8
Serbia,2008,70.4
Sierra Leone,2008,18.3
Slovak Republic,2008,140.0
Slovenia,2008,66.1
Solomon Islands,2008,36.5
South Africa,2008,82.3
South Korea,2008,99.9
Spain,2008,82.8
Sri Lanka,2008,88.2
St. Kitts and Nevis,2008,126.0
St. Lucia,2008,117.0
St. Vincent and the Grenadines,2008,124.0
Sudan,2008,63.8
Suriname,2008,128.0
Sweden,2008,111.0
Switzerland,2008,163.0
Tajikistan,2008,47.8
Tanzania,2008,26.3
Thailand,2008,104.0
Timor-Leste,2008,25.6
Togo,2008,23.8
Trinidad and Tobago,2008,171.0
Tunisia,2008,95.3
Turkey,2008,84.2
Turkmenistan,2008,24.7
Uganda,2008,26.8
Ukraine,2008,144.0
United Arab Emirates,2008,89.7
United Kingdom,2008,99.9
United States,2008,170.0
Uruguay,2008,100.0
Uzbekistan,2008,33.4
Vanuatu,2008,52.8
Venezuela,2008,104.0
Vietnam,2008,31.5
Yemen,2008,73.6
Zambia,2008,26.4
Zimbabwe,2008,61.1
Afghanistan,2009,23.3
Albania,2009,117.0
Algeria,2009,85.3
Angola,2009,40.2
Antigua and Barbuda,2009,87.6
Argentina,2009,132.0
Armenia,2009,103.0
Australia,2009,126.0
Austria,2009,128.0
Azerbaijan,2009,40.0
Bahamas,2009,120.0
Bangladesh,2009,22.8
Barbados,2009,160.0
Belarus,2009,118.0
Belgium,2009,149.0
Belize,2009,119.0
Benin,2009,13.6
Bolivia,2009,69.8
Bosnia and Herzegovina,2009,52.4
Botswana,2009,83.2
Brazil,2009,115.0
Brunei,2009,135.0
Bulgaria,2009,87.5
Burkina Faso,2009,13.0
Cambodia,2009,54.1
Cameroon,2009,21.5
Canada,2009,136.0
Cape Verde,2009,60.6
Central African Republic,2009,24.6
Chad,2009,21.3
Chile,2009,130.0
China,2009,18.0
Colombia,2009,164.0
Democratic Republic of the Congo,2009,38.6
Costa Rica,2009,150.0
Cote d'Ivoire,2009,25.2
Croatia,2009,138.0
Cuba,2009,162.0
Cyprus,2009,90.3
Czechia,2009,107.0
Denmark,2009,144.0
Djibouti,2009,80.6
Dominica,2009,123.0
Dominican Republic,2009,95.8
Ecuador,2009,52.3
Egypt,2009,68.5
El Salvador,2009,112.0
Estonia,2009,127.0
Eswatini,2009,82.2
Ethiopia,2009,14.8
Fiji,2009,109.0
Finland,2009,92.7
France,2009,111.0
Gabon,2009,43.5
Gambia,2009,69.5
Georgia,2009,117.0
Germany,2009,132.0
Ghana,2009,30.9
Greece,2009,75.7
Grenada,2009,102.0
Guatemala,2009,148.0
Guinea,2009,37.8
Guinea-Bissau,2009,28.7
Guyana,2009,102.0
Haiti,2009,56.6
Honduras,2009,128.0
Hungary,2009,93.9
Iceland,2009,133.0
India,2009,62.4
Indonesia,2009,39.0
Iran,2009,77.0
Iraq,2009,43.5
Ireland,2009,108.0
Israel,2009,71.6
Italy,2009,81.2
Jamaica,2009,137.0
Japan,2009,75.6
Jordan,2009,115.0
Kazakhstan,2009,82.0
Kenya,2009,47.0
Kiribati,2009,125.0
Kuwait,2009,106.0
Kyrgyzstan,2009,68.9
Lao,2009,16.9
Latvia,2009,90.8
Lebanon,2009,134.0
Lesotho,2009,47.2
Liberia,2009,19.0
Lithuania,2009,131.0
Luxembourg,2009,144.0
Madagascar,2009,22.1
Malawi,2009,32.4
Malaysia,2009,116.0
Maldives,2009,98.5
Mali,2009,34.8
Malta,2009,174.0
Mauritania,2009,98.3
Mauritius,2009,96.7
Mexico,2009,136.0
Moldova,2009,69.5
Mongolia,2009,36.4
Montenegro,2009,121.0
Morocco,2009,113.0
Mozambique,2009,31.3
Myanmar,2009,47.0
Namibia,2009,45.1
Nepal,2009,12.5
Netherlands,2009,129.0
New Zealand,2009,165.0
Nicaragua,2009,108.0
Niger,2009,18.4
Nigeria,2009,27.9
North Korea,2009,13.5
North Macedonia,2009,100.0
Norway,2009,103.0
Oman,2009,96.6
Pakistan,2009,75.6
Panama,2009,81.8
Paraguay,2009,70.6
Peru,2009,62.0
Philippines,2009,62.7
Poland,2009,119.0
Portugal,2009,79.5
Romania,2009,69.5
Russia,2009,132.0
Rwanda,2009,11.9
Samoa,2009,77.6
Sao Tome and Principe,2009,60.5
Saudi Arabia,2009,92.2
Senegal,2009,42.0
Serbia,2009,84.7
Sierra Leone,2009,18.3
Slovak Republic,2009,143.0
Slovenia,2009,67.1
Solomon Islands,2009,29.2
South Africa,2009,83.2
South Korea,2009,95.1
Spain,2009,82.9
Sri Lanka,2009,69.8
St. Kitts and Nevis,2009,128.0
St. Lucia,2009,116.0
St. Vincent and the Grenadines,2009,123.0
Sudan,2009,65.8
Suriname,2009,128.0
Sweden,2009,111.0
Switzerland,2009,159.0
Tajikistan,2009,50.3
Tanzania,2009,26.8
Thailand,2009,105.0
Timor-Leste,2009,27.3
Togo,2009,27.9
Trinidad and Tobago,2009,171.0
Tunisia,2009,98.9
Turkey,2009,88.4
Turkmenistan,2009,22.1
Uganda,2009,29.4
Ukraine,2009,132.0
United Arab Emirates,2009,94.1
United Kingdom,2009,106.0
United States,2009,165.0
Uruguay,2009,104.0
Uzbekistan,2009,28.6
Vanuatu,2009,54.3
Venezuela,2009,106.0
Vietnam,2009,26.8
Yemen,2009,74.7
Zambia,2009,28.5
Zimbabwe,2009,61.1
Afghanistan,2010,24.3
Albania,2010,113.0
Algeria,2010,85.6
Angola,2010,38.9
Antigua and Barbuda,2010,87.6
Argentina,2010,131.0
Armenia,2010,112.0
Australia,2010,126.0
Austria,2010,132.0
Azerbaijan,2010,43.4
Bahamas,2010,119.0
Bangladesh,2010,21.9
Barbados,2010,161.0
Belarus,2010,102.0
Belgium,2010,156.0
Belize,2010,123.0
Benin,2010,14.6
Bolivia,2010,70.6
Bosnia and Herzegovina,2010,53.8
Botswana,2010,93.4
Brazil,2010,117.0
Brunei,2010,136.0
Bulgaria,2010,72.2
Burkina Faso,2010,13.3
Cambodia,2010,51.3
Cameroon,2010,26.4
Canada,2010,126.0
Cape Verde,2010,58.0
Central African Republic,2010,23.3
Chad,2010,25.3
Chile,2010,133.0
China,2010,17.9
Colombia,2010,150.0
Democratic Republic of the Congo,2010,37.1
Costa Rica,2010,150.0
Cote d'Ivoire,2010,27.1
Croatia,2010,148.0
Cuba,2010,165.0
Cyprus,2010,88.7
Czechia,2010,111.0
Denmark,2010,147.0
Djibouti,2010,83.4
Dominica,2010,122.0
Dominican Republic,2010,90.1
Ecuador,2010,49.0
Egypt,2010,81.2
El Salvador,2010,108.0
Estonia,2010,126.0
Eswatini,2010,91.6
Ethiopia,2010,16.1
Fiji,2010,99.5
Finland,2010,84.4
France,2010,104.0
Gabon,2010,44.4
Gambia,2010,69.2
Georgia,2010,85.3
Germany,2010,137.0
Ghana,2010,35.8
Greece,2010,77.3
Grenada,2010,104.0
Guatemala,2010,136.0
Guinea,2010,35.5
Guinea-Bissau,2010,29.8
Guyana,2010,110.0
Haiti,2010,47.9
Honduras,2010,127.0
Hungary,2010,94.0
Iceland,2010,134.0
India,2010,59.9
Indonesia,2010,39.3
Iran,2010,81.2
Iraq,2010,52.5
Ireland,2010,105.0
Israel,2010,75.5
Italy,2010,82.3
Jamaica,2010,137.0
Japan,2010,69.4
Jordan,2010,130.0
Kazakhstan,2010,72.7
Kenya,2010,46.8
Kiribati,2010,123.0
Kuwait,2010,98.4
Kyrgyzstan,2010,69.8
Lao,2010,16.3
Latvia,2010,98.3
Lebanon,2010,145.0
Lesotho,2010,46.9
Liberia,2010,19.9
Lithuania,2010,118.0
Luxembourg,2010,137.0
Madagascar,2010,21.8
Malawi,2010,33.8
Malaysia,2010,117.0
Maldives,2010,101.0
Mali,2010,29.4
Malta,2010,171.0
Mauritania,2010,97.6
Mauritius,2010,88.0
Mexico,2010,136.0
Moldova,2010,64.2
Mongolia,2010,35.7
Montenegro,2010,118.0
Morocco,2010,104.0
Mozambique,2010,30.7
Myanmar,2010,45.3
Namibia,2010,46.0
Nepal,2010,11.8
Netherlands,2010,129.0
New Zealand,2010,156.0
Nicaragua,2010,114.0
Niger,2010,13.3
Nigeria,2010,28.4
North Korea,2010,12.9
North Macedonia,2010,111.0
Norway,2010,105.0
Oman,2010,95.2
Pakistan,2010,81.6
Panama,2010,84.8
Paraguay,2010,70.7
Peru,2010,62.0
Philippines,2010,63.3
Poland,2010,119.0
Portugal,2010,80.5
Romania,2010,69.2
Russia,2010,129.0
Rwanda,2010,14.9
Samoa,2010,79.2
Sao Tome and Principe,2010,62.1
Saudi Arabia,2010,90.7
Senegal,2010,43.6
Serbia,2010,66.7
Sierra Leone,2010,10.4
Slovak Republic,2010,144.0
Slovenia,2010,71.6
Solomon Islands,2010,35.8
South Africa,2010,96.5
South Korea,2010,104.0
Spain,2010,83.2
Sri Lanka,2010,79.4
St. Kitts and Nevis,2010,124.0
St. Lucia,2010,112.0
St. Vincent and the Grenadines,2010,118.0
Sudan,2010,65.5
Suriname,2010,124.0
Sweden,2010,106.0
Switzerland,2010,161.0
Tajikistan,2010,49.7
Tanzania,2010,28.6
Thailand,2010,108.0
Timor-Leste,2010,27.2
Togo,2010,30.5
Trinidad and Tobago,2010,157.0
Tunisia,2010,95.3
Turkey,2010,90.5
Turkmenistan,2010,22.8
Uganda,2010,28.9
Ukraine,2010,129.0
United Arab Emirates,2010,107.0
United Kingdom,2010,100.0
United States,2010,167.0
Uruguay,2010,106.0
Uzbekistan,2010,28.3
Vanuatu,2010,54.7
Venezuela,2010,107.0
Vietnam,2010,28.7
Yemen,2010,78.6
Zambia,2010,28.0
Zimbabwe,2010,65.8
Afghanistan,2011,24.8
Albania,2011,122.0
Algeria,2011,74.9
Angola,2011,40.1
Antigua and Barbuda,2011,79.6
Argentina,2011,132.0
Armenia,2011,101.0
Australia,2011,127.0
Austria,2011,131.0
Azerbaijan,2011,44.2
Bahamas,2011,120.0
Bangladesh,2011,22.6
Barbados,2011,159.0
Belarus,2011,110.0
Belgium,2011,138.0
Belize,2011,121.0
Benin,2011,14.6
Bolivia,2011,73.1
Bosnia and Herzegovina,2011,55.4
Botswana,2011,81.9
Brazil,2011,116.0
Brunei,2011,138.0
Bulgaria,2011,77.7
Burkina Faso,2011,19.5
Cambodia,2011,49.6
Cameroon,2011,27.0
Canada,2011,137.0
Cape Verde,2011,57.7
Central African Republic,2011,24.1
Chad,2011,27.9
Chile,2011,133.0
China,2011,18.8
Colombia,2011,151.0
Democratic Republic of the Congo,2011,38.3
Costa Rica,2011,149.0
Cote d'Ivoire,2011,28.7
Croatia,2011,143.0
Cuba,2011,158.0
Cyprus,2011,93.2
Czechia,2011,113.0
Denmark,2011,146.0
Djibouti,2011,84.7
Dominica,2011,117.0
Dominican Republic,2011,87.6
Ecuador,2011,54.7
Egypt,2011,82.9
El Salvador,2011,112.0
Estonia,2011,120.0
Eswatini,2011,89.4
Ethiopia,2011,17.8
Fiji,2011,109.0
Finland,2011,85.8
France,2011,103.0
Gabon,2011,44.8
Gambia,2011,71.2
Georgia,2011,81.3
Germany,2011,133.0
Ghana,2011,30.4
Greece,2011,75.1
Grenada,2011,114.0
Guatemala,2011,145.0
Guinea,2011,35.0
Guinea-Bissau,2011,29.9
Guyana,2011,118.0
Haiti,2011,49.5
Honduras,2011,124.0
Hungary,2011,96.8
Iceland,2011,130.0
India,2011,60.9
Indonesia,2011,40.5
Iran,2011,80.1
Iraq,2011,51.9
Ireland,2011,135.0
Israel,2011,75.4
Italy,2011,84.3
Jamaica,2011,138.0
Japan,2011,76.3
Jordan,2011,113.0
Kazakhstan,2011,78.2
Kenya,2011,45.5
Kiribati,2011,127.0
Kuwait,2011,96.6
Kyrgyzstan,2011,73.4
Lao,2011,17.7
Latvia,2011,103.0
Lebanon,2011,138.0
Lesotho,2011,46.4
Liberia,2011,19.9
Lithuania,2011,125.0
Luxembourg,2011,128.0
Madagascar,2011,22.2
Malawi,2011,21.9
Malaysia,2011,117.0
Maldives,2011,98.6
Mali,2011,25.4
Malta,2011,165.0
Mauritania,2011,98.0
Mauritius,2011,80.9
Mexico,2011,134.0
Moldova,2011,67.0
Mongolia,2011,39.8
Montenegro,2011,132.0
Morocco,2011,108.0
Mozambique,2011,31.3
Myanmar,2011,46.8
Namibia,2011,48.1
Nepal,2011,11.9
Netherlands,2011,125.0
New Zealand,2011,159.0
Nicaragua,2011,118.0
Niger,2011,13.3
Nigeria,2011,25.9
North Korea,2011,11.4
North Macedonia,2011,107.0
Norway,2011,110.0
Oman,2011,96.3
Pakistan,2011,71.6
Panama,2011,87.9
Paraguay,2011,71.5
Peru,2011,63.3
Philippines,2011,65.7
Poland,2011,120.0
Portugal,2011,77.8
Romania,2011,68.2
Russia,2011,134.0
Rwanda,2011,14.3
Samoa,2011,82.9
Sao Tome and Principe,2011,62.5
Saudi Arabia,2011,88.8
Senegal,2011,44.0
Serbia,2011,79.2
Sierra Leone,2011,15.6
Slovak Republic,2011,133.0
Slovenia,2011,70.4
Solomon Islands,2011,24.1
South Africa,2011,95.8
South Korea,2011,100.0
Spain,2011,85.2
Sri Lanka,2011,75.4
St. Kitts and Nevis,2011,130.0
St. Lucia,2011,113.0
St. Vincent and the Grenadines,2011,122.0
Sudan,2011,67.4
Suriname,2011,122.0
Sweden,2011,110.0
Switzerland,2011,160.0
Tajikistan,2011,51.6
Tanzania,2011,29.3
Thailand,2011,111.0
Timor-Leste,2011,30.9
Togo,2011,33.1
Trinidad and Tobago,2011,157.0
Tunisia,2011,98.3
Turkey,2011,85.4
Turkmenistan,2011,25.6
Uganda,2011,25.9
Ukraine,2011,133.0
United Arab Emirates,2011,95.3
United Kingdom,2011,110.0
United States,2011,172.0
Uruguay,2011,109.0
Uzbekistan,2011,27.9
Vanuatu,2011,55.5
Venezuela,2011,108.0
Vietnam,2011,27.2
Yemen,2011,81.4
Zambia,2011,28.4
Zimbabwe,2011,68.9
Afghanistan,2012,25.4
Albania,2012,129.0
Algeria,2012,82.8
Angola,2012,42.7
Antigua and Barbuda,2012,87.9
Argentina,2012,131.0
Armenia,2012,101.0
Australia,2012,126.0
Austria,2012,130.0
Azerbaijan,2012,48.3
Bahamas,2012,96.6
Bangladesh,2012,22.3
Barbados,2012,160.0
Belarus,2012,105.0
Belgium,2012,153.0
Belize,2012,121.0
Benin,2012,17.2
Bolivia,2012,72.8
Bosnia and Herzegovina,2012,57.7
Botswana,2012,80.4
Brazil,2012,117.0
Brunei,2012,135.0
Bulgaria,2012,76.5
Burkina Faso,2012,19.8
Cambodia,2012,51.0
Cameroon,2012,25.9
Canada,2012,132.0
Cape Verde,2012,56.2
Central African Republic,2012,25.7
Chad,2012,30.5
Chile,2012,133.0
China,2012,18.9
Colombia,2012,155.0
Democratic Republic of the Congo,2012,41.9
Costa Rica,2012,149.0
Cote d'Ivoire,2012,25.6
Croatia,2012,129.0
Cuba,2012,150.0
Cyprus,2012,88.5
Czechia,2012,119.0
Denmark,2012,152.0
Djibouti,2012,90.6
Dominica,2012,116.0
Dominican Republic,2012,91.4
Ecuador,2012,58.4
Egypt,2012,73.9
El Salvador,2012,113.0
Estonia,2012,89.5
Eswatini,2012,87.6
Ethiopia,2012,15.7
Fiji,2012,108.0
Finland,2012,86.8
France,2012,104.0
Gabon,2012,41.7
Gambia,2012,70.4
Georgia,2012,96.8
Germany,2012,130.0
Ghana,2012,25.8
Greece,2012,81.2
Grenada,2012,112.0
Guatemala,2012,130.0
Guinea,2012,32.7
Guinea-Bissau,2012,28.7
Guyana,2012,119.0
Haiti,2012,51.0
Honduras,2012,130.0
Hungary,2012,94.2
Iceland,2012,132.0
India,2012,63.6
Indonesia,2012,44.0
Iran,2012,79.6
Iraq,2012,50.4
Ireland,2012,133.0
Israel,2012,76.9
Italy,2012,86.4
Jamaica,2012,143.0
Japan,2012,75.2
Jordan,2012,133.0
Kazakhstan,2012,78.7
Kenya,2012,44.4
Kiribati,2012,124.0
Kuwait,2012,107.0
Kyrgyzstan,2012,71.8
Lao,2012,19.1
Latvia,2012,109.0
Lebanon,2012,131.0
Lesotho,2012,49.0
Liberia,2012,14.5
Lithuania,2012,127.0
Luxembourg,2012,139.0
Madagascar,2012,20.1
Malawi,2012,32.0
Malaysia,2012,121.0
Maldives,2012,93.6
Mali,2012,36.1
Malta,2012,168.0
Mauritania,2012,94.8
Mauritius,2012,91.3
Mexico,2012,139.0
Moldova,2012,63.9
Mongolia,2012,40.9
Montenegro,2012,133.0
Morocco,2012,106.0
Mozambique,2012,29.4
Myanmar,2012,47.6
Namibia,2012,54.2
Nepal,2012,12.5
Netherlands,2012,124.0
New Zealand,2012,158.0
Nicaragua,2012,114.0
Niger,2012,13.1
Nigeria,2012,28.5
North Korea,2012,10.8
North Macedonia,2012,114.0
Norway,2012,114.0
Oman,2012,96.2
Pakistan,2012,76.3
Panama,2012,91.3
Paraguay,2012,70.7
Peru,2012,64.0
Philippines,2012,68.1
Poland,2012,122.0
Portugal,2012,77.6
Romania,2012,69.0
Russia,2012,134.0
Rwanda,2012,18.9
Samoa,2012,81.0
Sao Tome and Principe,2012,35.8
Saudi Arabia,2012,88.0
Senegal,2012,46.1
Serbia,2012,75.6
Sierra Leone,2012,14.6
Slovak Republic,2012,122.0
Slovenia,2012,73.9
Solomon Islands,2012,15.5
South Africa,2012,98.7
South Korea,2012,103.0
Spain,2012,85.5
Sri Lanka,2012,74.5
St. Kitts and Nevis,2012,129.0
St. Lucia,2012,110.0
St. Vincent and the Grenadines,2012,120.0
Sudan,2012,96.4
Suriname,2012,121.0
Sweden,2012,110.0
Switzerland,2012,165.0
Tajikistan,2012,50.6
Tanzania,2012,29.8
Thailand,2012,108.0
Timor-Leste,2012,37.9
Togo,2012,33.7
Trinidad and Tobago,2012,161.0
Tunisia,2012,95.7
Turkey,2012,86.3
Turkmenistan,2012,26.6
Uganda,2012,25.3
Ukraine,2012,131.0
United Arab Emirates,2012,98.8
United Kingdom,2012,106.0
United States,2012,174.0
Uruguay,2012,111.0
Uzbekistan,2012,27.7
Vanuatu,2012,49.8
Venezuela,2012,106.0
Vietnam,2012,29.2
Yemen,2012,79.8
Zambia,2012,30.1
Zimbabwe,2012,79.0
Afghanistan,2013,24.5
Albania,2013,131.0
Algeria,2013,78.2
Angola,2013,44.7
Antigua and Barbuda,2013,90.1
Argentina,2013,132.0
Armenia,2013,97.4
Australia,2013,126.0
Austria,2013,124.0
Azerbaijan,2013,50.5
Bahamas,2013,107.0
Bangladesh,2013,22.1
Barbados,2013,160.0
Belarus,2013,107.0
Belgium,2013,144.0
Belize,2013,116.0
Benin,2013,21.4
Bolivia,2013,75.2
Bosnia and Herzegovina,2013,55.3
Botswana,2013,85.0
Brazil,2013,117.0
Brunei,2013,135.0
Bulgaria,2013,78.7
Burkina Faso,2013,20.3
Cambodia,2013,51.5
Cameroon,2013,27.2
Canada,2013,132.0
Cape Verde,2013,52.9
Central African Republic,2013,22.4
Chad,2013,29.1
Chile,2013,131.0
China,2013,18.8
Colombia,2013,160.0
Democratic Republic of the Congo,2013,48.4
Costa Rica,2013,144.0
Cote d'Ivoire,2013,28.2
Croatia,2013,118.0
Cuba,2013,146.0
Cyprus,2013,101.0
Czechia,2013,118.0
Denmark,2013,152.0
Djibouti,2013,93.0
Dominica,2013,113.0
Dominican Republic,2013,95.3
Ecuador,2013,63.3
Egypt,2013,78.0
El Salvador,2013,113.0
Estonia,2013,86.5
Eswatini,2013,95.3
Ethiopia,2013,18.1
Fiji,2013,104.0
Finland,2013,86.8
France,2013,107.0
Gabon,2013,42.6
Gambia,2013,72.2
Georgia,2013,93.1
Germany,2013,133.0
Ghana,2013,40.5
Greece,2013,80.3
Grenada,2013,112.0
Guatemala,2013,132.0
Guinea,2013,27.2
Guinea-Bissau,2013,30.3
Guyana,2013,118.0
Haiti,2013,45.8
Honduras,2013,131.0
Hungary,2013,95.0
Iceland,2013,132.0
India,2013,64.2
Indonesia,2013,46.5
Iran,2013,79.8
Iraq,2013,52.8
Ireland,2013,126.0
Israel,2013,76.2
Italy,2013,88.0
Jamaica,2013,135.0
Japan,2013,74.2
Jordan,2013,128.0
Kazakhstan,2013,78.4
Kenya,2013,43.7
Kiribati,2013,122.0
Kuwait,2013,106.0
Kyrgyzstan,2013,86.3
Lao,2013,19.7
Latvia,2013,117.0
Lebanon,2013,123.0
Lesotho,2013,45.5
Liberia,2013,15.5
Lithuania,2013,130.0
Luxembourg,2013,141.0
Madagascar,2013,20.3
Malawi,2013,22.6
Malaysia,2013,121.0
Maldives,2013,83.0
Mali,2013,28.1
Malta,2013,168.0
Mauritania,2013,99.2
Mauritius,2013,96.0
Mexico,2013,133.0
Moldova,2013,64.6
Mongolia,2013,40.3
Montenegro,2013,131.0
Morocco,2013,109.0
Mozambique,2013,30.7
Myanmar,2013,46.2
Namibia,2013,55.4
Nepal,2013,13.0
Netherlands,2013,122.0
New Zealand,2013,162.0
Nicaragua,2013,116.0
Niger,2013,14.5
Nigeria,2013,29.4
North Korea,2013,10.8
North Macedonia,2013,110.0
Norway,2013,120.0
Oman,2013,98.8
Pakistan,2013,76.0
Panama,2013,95.3
Paraguay,2013,69.6
Peru,2013,62.9
Philippines,2013,64.6
Poland,2013,122.0
Portugal,2013,78.0
Romania,2013,70.1
Russia,2013,134.0
Rwanda,2013,14.1
Samoa,2013,89.5
Sao Tome and Principe,2013,50.5
Saudi Arabia,2013,86.8
Senegal,2013,50.0
Serbia,2013,77.1
Sierra Leone,2013,16.5
Slovak Republic,2013,136.0
Slovenia,2013,75.1
Solomon Islands,2013,13.1
South Africa,2013,101.0
South Korea,2013,105.0
Spain,2013,85.6
Sri Lanka,2013,73.4
St. Kitts and Nevis,2013,133.0
St. Lucia,2013,106.0
St. Vincent and the Grenadines,2013,121.0
Sudan,2013,96.1
Suriname,2013,121.0
Sweden,2013,115.0
Switzerland,2013,166.0
Tajikistan,2013,51.9
Tanzania,2013,28.0
Thailand,2013,109.0
Timor-Leste,2013,35.0
Togo,2013,33.3
Trinidad and Tobago,2013,162.0
Tunisia,2013,95.5
Turkey,2013,87.3
Turkmenistan,2013,24.6
Uganda,2013,32.4
Ukraine,2013,126.0
United Arab Emirates,2013,101.0
United Kingdom,2013,113.0
United States,2013,175.0
Uruguay,2013,111.0
Uzbekistan,2013,27.6
Vanuatu,2013,51.4
Venezuela,2013,106.0
Vietnam,2013,27.4
Yemen,2013,77.9
Zambia,2013,28.1
Zimbabwe,2013,80.6
